codigo,id
FZ2138-114_3-Photoroom,1-4Fj1ecOqud0AxwR5qv3FhEqv2U46l6U
HP9426_1,1-4htNEWNFdyl2LszP8cUmcxNbSfTFd3n
HV5184-010_3-Photoroom,1-5Z2vg8p6csNFHwvLLFVnrWJVYFMD-s_
HA1235_2-Photoroom,1-69Z8B6ib88RNK_v_MjWDcC7Uao7Dq-u
DV1237-105_3-Photoroom,1-9dttvcL25nLt5jFQNiUeAVoo96kG1z0
749SMA0007-18C_1-Photoroom,1-E2gjBI9Yu0RwtXYW1sKlkUJvQxfRpG4
JP7104_2-Photoroom,1-FSrAYcV6v8sKMBmy8LJRm_8L5ayRimy
FD0320-133_2-Photoroom,1-IuESMPyWUoKaOE3woQ1bN8UrVeEorKB
IE1379_3,1-P4JduWwCpsyyMSbWLuznhFx-_GSQ8wM
HQ6912_2,1-R9q12r1nTk2_V21E_i6ycOLsQWElFOm
748SMA0068-5A6_2-Photoroom,1-SHDMGpvBrGXqZ2YKGgxtrhtqg4g4TNM
GW6869_3,1-_IwB4dHdn1AaGugDUuVAXv0U7RlUoPJ
FZ5605_1,1-cNsGfC_LaiWUlp_pfrfdQz-vTijwHyc
FQ0904-006_2-Photoroom,1-eDr1dzcX9Qrs3ruq7jsmTyOtVDRckle
749SMA0008-KL1_2-Photoroom,1-ecKHYGffjE9YvLDzd-ssQwcNIOFeXIU
FZ5630-102_1-Photoroom,1-fSgCV4SCVzKfsKod6oxNpfz_oMwnu94
HP7750_3,1-iwxoFq6i6Q_uD4FwJlUFeB6dnSL0e1L
3024883-001_1-Photoroom,1-jzTxh7J4-s1vDJuPF0zmgs9m-GH9aFe
FZ3055-102_3-Photoroom,1-nr_ZDLxa-nNIlLL1yTrMrO1Mq4Fhv00
400497-09_3,1-xFpMzjfREthVHMKzUYrVnezib4wsC9v
432997-070_2-Photoroom,1-yEKhJRT_ZJLf3nWkqPfO0dBQb9vur95
553558-081_2-Photoroom,1-zkhRXvVYeBIDQaIOdVvyMcpKDQDoRQI
DQ8426-100_2-Photoroom,104MeelVhc4w9IWp-zZFldLEVWVy9NkS4
400368-07_3-Photoroom,106rtre34cao_KTFOtXXUoxy_ywsGXLeu
HK0147_1,107jy8t9_Gi14xND7w5w9HW2jO41n1TXd
402313-15_2-Photoroom,109u7250PM-Gospd1FzIsReDYBp0PGYTv
3027005-100_2-Photoroom,10BC15ZjS0mBzASA8X1J8wmzWUJyoOnkr
JI2062_1,10Ei_FWPji9EUj_1xFd1dzUyFy9kOzmb1
379538-01_3-Photoroom,10JnbHAXlSMI2Ij45RDpVv9vh2M1zVvEh
ID0478_4,10L0FDetyHlz4Szc_NV5f4JY_Ct54RS0M
HE9765_2,10mH3KpWJ4uTMa5nGjeNDQ7k6aJcnVJr5
DN1791-111_2-Photoroom,10ocO3L5nzEvdBLqS574WMqEuQx0c6TxI
GY5434_3,10r4NOznfd_CEkbl-yxAHZnGwUGU3X2h9
IF1661_2,10rJR1jpvrc8OGgHj2r2uuy4y5gLvPCq3
FJ1674-002_3-Photoroom,10wSWnEnp7ET5gOXk0MKWCPfz0ZQeds2Q
JQ8219_3,10yUeH6j1OKv3yJunuBssS5l7nlRxJu9H
DQ8426-132_3-Photoroom,117FSte1qPBw98y4ezcepgt8gkSQL3-ub
748SFA0087-18C_2-Photoroom,118jSQtj8KR8Uo7Q0xXb2Jsm13sr2KhG_
DR35-M-01-50_1-Photoroom,119kprdCDRJhJxLHDyoh8fey8YD5Hj7Pt
749SMA0007-3E6_2-Photoroom,11ARkzdZSl0xrYqtbn1corBPXJYfdXJCN
GY5700_1,11KqO3lMMPtyWme_Ai-I34V3rP4vWV8Tf
JI4851_1,11LmhXhWi03fFxSKxlwzmZgfbICZ4obqM
DR19-W-01-55_2-Photoroom,11MHXX9TCqVCnKlnFdXuthIMt8F6kA1kc
HM9451-600_3-Photoroom,11NojynIzlcYBLiZdFl9VfbWidZjR6Noj
400368-05_2-Photoroom,11P7UXJfuxTxIBzmZeCRv4iy4KEuhNzXw
HE9765_1,11QD3YrrdD0DC4-owumQqqFsqFztBdC4k
HC4463_3,11Qx-hek9M2BT3583h1elF7fclqwqDAoz
400197-03_1-Photoroom,11TDTmtPOkFBf99mAd8QXvEzQDDIAlK0Q
DR21-W-01-17_3-Photoroom,11VMtEtZm52riJRaZj7Op7kJJrHZF4aHY
HQ1918-200_1-Photoroom,11b8IGUm2b7rd1RyY0vFRfo7YDTRfMbeU
DR19-M-01-07_3-Photoroom,11dnUyPtSyPKdQtOaHw_uM8eSREVsoGL8
IC1287_1-Photoroom,11kERkeutOjCPXqifZc5EvIrEH9F9SA4C
IB7796_3-Photoroom,11mQ0gV3mVojMu21il6_bOl6Cd2E1Zyo3
401622-07_3-Photoroom,11oJf1GhcunGN3gLk5Phe2KU-2Bvk9gSv
586748-06_1-Photoroom,11oLxsL4EkHC9foeKyLQHC15_fzhi4pR6
IC4979_2-Photoroom,11osgW6mIQ2JujYgWkTJKET3I87YJ-Gkn
3027007-100_2-Photoroom,11pRicxcmDIWut6euyriPkYTwDJixbybk
JQ6140_2,11rHxgXTCrfwszjSLZBferDrCw4oIUGNk
GZ9652_3,11ryxRgVBDrTn8AHxqLbD2TV5KKrAJdgV
GY3581_3,11twaTLdKT3tGyPpjNjRZxJlJPEMpbM8t
JI2062_4,11xdbfuZzbHgGWUKeDDPBHgps4PUPpVUJ
1383191-100_1-Photoroom,11zDQXt6ctyg99B3d2dlNiBLpmZO5yrsl
DZ5485-008_1-Photoroom,12-Xr_ccRJx0wW2E3sKkd8UuUJk7ZxE_j
HF3141-400_2-Photoroom,120EAHvU_6Vz4HmgqArKtgH5BE3HN7xQd
IH3588-010_2-Photoroom,12EjO12SvU0VPgHOMc0w0LTD-5o79JCiC
GZ9653_2,12IqkSd-VgI2lJTZRfOJXPgjE8Ie1Leu1
DR19-M-02-01_2-Photoroom,12Jv1SMRkaoqS_bBDskGJKr7oFNFFQKXL
HH8073_2-Photoroom,12K7Va2tDZ0NKEH8msDaSl82mKsXIqp-7
B75806_2,12Lm0skcimzwLRXD7KpfoH4AbUtBR8-tC
HQ1918-200_3-Photoroom,12SRxCpP3CQyBTTwQSCokxV5k1EMbtSK3
IC3631_1-Photoroom,12WxYQecERCeeHrObBoD9hFZ4cAfkqgZH
402635-02_2-Photoroom,12fuU_Lg_OQiEgHd9iYTASwmJWPLuf3Uu
N0003570647OS_1-Photoroom,12kXsVhYQWI8Fx19sgtEfFt8xZaOWfWK6
FV6343-501_1-Photoroom,12nYJnFH56SnGPq4_LNm7uRSfL_W6nqd1
GP0152_1-Photoroom,13-_qGqy3BCYuooURMlgDqn4vRGVv4ZWe
1350196-001_3-Photoroom,134yfG6yFVRrdZqf-S_oIsBxgbhNFOrVK
1383481-025_2-Photoroom,135NwXEISAEXPNFiwkSq8Mxnvs5FYQp_O
HM4970_2-Photoroom,138ustQYO8jeE3DcleHB43O2CA7rXmnGH
HQ0013-600_2-Photoroom,13CT2zr2HxbnUfQvewt-NVEDxTQVzGaaV
FV5285-006_1-Photoroom,13M49buq_0_N3HayDW8BOSqSPIWaYwwja
397262-01_2,13NXCm_FA518jki5Ty-7KBMlqsE12g0RY
3026520-003_2-Photoroom,13Sw12KTEhll9qM0FRrSs9E_E89YMZdb1
HR3702_1-Photoroom,13UfhUfTzzY6emiWRxMl424QEXLYv_CuV
748SMA0068-5A6_3-Photoroom,13X3jgHw1QI9rFU1jXPfwrVAS2XUaC8jq
749SMA0015-270_3-Photoroom,13_QMXBTdj39JT1goDOfmQtxTzSLKDDIz
JI3455_3-Photoroom,13cUxaGG_GSrTzlv5tat5OXYr40gd-2CW
HQ2851-400_1-Photoroom,13dDawE0HiWrdMtVfR6dbqbKdRLHYfmHl
JI1350_3,13f-RYZOtJseE4AqtLpVJzQjvoVKCjBza
748SFA0087-18C_1-Photoroom,13rbXOtLYDF96WWDSEP9jYqrP--TegW6k
DR05-M-01-09_3-Photoroom,13vDtoKPuvtEbLLIffBR9MIkubgSonVOr
JI3217_2,14-t852zlszYmdDZYCFUSIyiGgroa_Z_C
HQ2010-012_2-Photoroom,146_HLSupWizZJFPORca5i6JqKlh8MPSn
HQ6912_3,14EvkRH-yYIMGmBedHZN60FoAbVq42v5b
IE5836_4,14GJYiyZrYF0weJ_SrdLHrUCf7td-rHmA
HQ2010-012_1-Photoroom,14HSZPT876EcF0SMvn2way2jiyGE3BLyi
3026175-400_2-Photoroom,14M_e4-bYR4CaekAQxIySv-U7C37qSL3t
GW0567_1,14Tk8lsLKJ929azv1ouOG3Fpd8Hq1I9xW
FQ0904-100_1-Photoroom,14UzoaVe33M27QweVE59phDQod_m1W82u
IH5084-219_1-Photoroom,14Wpni2swhtejzCeY445bzxI_Yrq3Hmr_
DM0029-015_2-Photoroom,14YECCz9Dr-tSl6A-V9-HRRoUmK2y8CwO
748SFA0088-255_2-Photoroom,14bq9RIkMNkYVzgPabxCUHUGO5-Rs9Of4
GP0148_2-Photoroom,14doz6MxJJLhSJet7xVuMkgixSHpmg3MH
GW8511_1,14k933MmJTzylYcgiSVinfVFJ7F7-q6Sy
HK0147_2,14m3i4Y6Qy1vfOF6f9fWfOyU3k5k3V-Tg
DR05-M-32-01_3-Photoroom,14rdz1yERoak4ZTHe3Cr1C7QYe_sorbx7
FZ6199_1,14yKqzMAvh63J1ICWCTCTLegOzoQz4Ojc
JI1132_3-Photoroom,14yTBaMyi6erl828HjinZKUDaUMw63bLA
FZ6598-400_3-Photoroom,15-zCDWKMMQSqPmXD28VkbxH93Lz8rdSp
IH6008_2,157zBjCEL6TYbiVAvTjEPLGuIwFIiaQoK
JQ6139_1,158Em-Kjepna-G8em4ooYUcDI60Rxbw9F
DV1237-105_1-Photoroom,15D2uqSeV7KrUNyfpMuBsx3ZDrJFwbPIV
JH6724_2,15FeRe2tEwuanFtrNDf2t18hQoQW71X8w
HQ7487-600_2-Photoroom,15G_TdXYEIXipLDYM9ITimPtKi3JWDeVK
IF1661_1,15KtCmQPW8psmnpKEgXLHktXEMgeZmr9q
FN4322-006_3-Photoroom,15QxrFW9IMFYUDm8f9__Lc4roXO6TPwiR
HF1233-107_1-Photoroom,15RKoC4i8pWk00zTFYvu4pkRwbojeJadL
402830-02_3-Photoroom,15SxewiL1i5nJ_oyRee2RixqGCQlxBHOd
749SMA0007-02H_2-Photoroom,15UcChdNaN7-082aQOjAkwHyhkuDCc7U5
JP7104_1-Photoroom,15a9NBqf5FFmNPh0MDxSvnpDILaXUazNN
HH8073_1-Photoroom,15bgK9H2X4jpJH4GFzxvrRaZlxNA6yL0U
JH8586_1,15cpLAuHAuuaCLxIBxQa1njLzJtkIAjJb
GW8569_1,15fSWc5qeyv3oS_hT8a14N1N3JEhhF1H4
749CMA0036-21G_1-Photoroom,15fs3j1LYeSpzw4wTnRhKwlUFfHiH0tro
FV6343-602_1-Photoroom,15jsCO0NwRFKIjflMtXaFdRAhn23NCwRZ
1383481-100_3-Photoroom,15kHXCbpvn9QB89dVpuNsdLo4P5mhxENn
401622-08_1-Photoroom,15szcLkYjFnmE2ZmJex8qrKByul2ak_IM
HJ4465-200_1-Photoroom,15tk8filp6XeGpDyPyuuDFol3DugwsJGl
400711-02_1-Photoroom,15yuLz_IaBPKGuLSZHJ_-dnxoMWPYXyJP
1383195-011_2-Photoroom,169xOHeArrqSgpPFej-aGWcquhWOTVbh0
ID3712_2,16PgyArVIUzrKVbxkQlCHLZOSRNuh5oiz
GL5412_3-Photoroom,16Q1HESHqx6gUb7pzJ3bms4G7GB1h8htC
IH5084-219_2-Photoroom,16SeyAlwK-HVtriZZ3kpAbfaiI6zCVs4U
3026582-200_3-Photoroom,16TS_4hT6gwVPHAJ8Y0_NOVZ9GFkdv8MR
JI2316_1,16VyxM-EXXavUx1eQoyQ8Pm-CEiaGtCk3
FJ7791-500_1-Photoroom,16WOjXNYN_nuPwTVTtTbP2FlHR5Bd7kdY
HF3053-012_3-Photoroom,16Z7cs7AQ_ttndAv9nvd1ofU22t8jhJod
748SMA0062-Z83_1-Photoroom,16hkd1oymV5NMy2kwnebHaEAAb8WH9GQY
402313-15_3-Photoroom,16nQ295l425-G96kRDUIlg0D33gjWWnj7
IB6716-100_1-Photoroom,16toTjuHvj4Xw6yyuNFsRv5wZ18lIOyqp
DF08-M-50-02_1-Photoroom,16tvGXmmKhWwe6IBjHuZ0Ci9b0oON8TpG
586714-06_1-Photoroom,16uQL6kSAdkcGystem08T_RIaSoOUuD5x
HD6792_2-Photoroom,16wRWUoV4xeKXfVxvCGg6CqA47GlB5Dms
DR21-W-01-17_2-Photoroom,16yKaZAQvoE6_ZPEC61XsbfNNaim40-uZ
GZ9652_2,172Nd4HUh0JI-yxoX5s3I4gQ8Rdo78XOI
HD9533_1,179R9HvilU1nRfiTfc30jo7SSfxDdJGR0
1386879-011_2-Photoroom,179v9cBmU27yDM3XkDbCRmZGxolGLmRl7
586714-06_2-Photoroom,17GVb-pCNaQIrdX9luYabMm9lh9EWCD4H
DQ8426-061_2-Photoroom,17LtWSnLqn61uy_Q1HZYTuFjJ7u4MjGm9
HE1753_2-Photoroom,17MCUrrcDJIM1XfUTv976zWxbBKpzzaGK
GP0129_1-Photoroom,17MFg5PQWXty7alUfPDGqC5LfQ1gnopgV
ID1371_2,17OhWR3ZnOJZcM1_xOoAglijKX-br-jEi
FJ3145-003_2-Photoroom,17OuQcteyNqdl4v6Az9oTWe4qIuN2e8MV
IH0156_3,17SSH-YySMGOok-f2FObbxs3jeCDoP0st
DF08-M-01-02_3-Photoroom,17TbeFVftoF81xNoCx4XZY7y4p-6_tzja
IB8052-100_1-Photoroom,17TlCh2TCk03xP-X0rU2YifXYVa6Ygv9v
DR05-W-05-01_3-Photoroom,17UQfWojdZEE49kQGCZXya0oNOn8w96zE
1365336-019_1-Photoroom,17Yzh92S4cq3FZMtwjq2xDr75jjbGreNN
1328962-001_1-Photoroom,17awduvq00l2MSD5Xeu-0WU6mfU1OLDX4
1361588-001_2-Photoroom,17cS66V5nowiHxGARfV2nmufSe2avAgDh
II7398-100_2-Photoroom,17gCaenky2EToPyG-onvf_zbDABYZndKo
IC1275_1-Photoroom,17l06mZQNVsRtgg-s1SuxjdvIAkpvOUXd
FZ5630-101_1-Photoroom,17l1-z-w6r_X7OIpxtoPm_C5uzHPDbm-T
FV5524-003_3-Photoroom,17qZZY6UukC3ARF65l7VNEwAoOMr5OaTj
3024877-002_2-Photoroom,17rqbUGpzL-OWormZuDFkfqbeV4AhsrE2
FZ3055-102_2-Photoroom,17rsWfU_NVDKtwarKHEEz1LGMkuveEbxp
DZ9409_1-Photoroom,17tHYpczWFMccCz6-jX1MWwvxQH4iI3Ah
IF1745-400_2-Photoroom,17wBaDg7MO1laagGZaotT98cUu8yzdCEs
3028512-600_1-Photoroom,184xYB1nukyDZiA-N1AuLy1rXLYKEiin8
FD0320-133_3-Photoroom,18Afbt1mXeNI2HJnK9R-IH1tqgfEca_ZH
1383191-100_2-Photoroom,18B4yKTUKls-xdQ9W5zFf5DM7aPqtRL4E
392326-33_3-Photoroom,18DgBjlzI8TvqHC_qVTYGS59WuOGJHZ_R
GP0152_3-Photoroom,18FfX8WpO3ilXL-kTG2aoswNyXiT7ZgHZ
3026520-003_3-Photoroom,18LlCq1Go32nTTGlpECl-EFDwVp3LZzw4
AR3565-010_1-Photoroom,18PRmaXaHNKW3wfzPgSgGo85a2IMOAACP
BQ6472-162_1-Photoroom,18S-l3K1iGGinfbkhuECEKWEDIzpQ7Gkj
FZ3055-102_1-Photoroom,18VqJfDV5IGSbB62IvXl5VJGCgGyalI3F
400368-05_3-Photoroom,18ZZ-trPAmceV8yD7wf7OUDfa0pcDC__7
1376700-410_3-Photoroom,18f4rAAa10rKKAXROWEHTUIuzqNnaXzmX
3026518-400_3-Photoroom,18gVxhrP-IN_8yVUM97vulnIyt-QdIYSc
HM9451-600_2-Photoroom,18hAzYDiyx_k9iaB_y69vaVGJHIpzQ9x7
B75807_1,18qN3UrN-JX1Tz-w2YeFnh1XP_ELpFl7K
FJ7126-605_1-Photoroom,18sfl_WKnilx5vYcUEOrHgGFc9lYuM6qK
1383481-025_1-Photoroom,18wGl7B-iGB1Gclja058KuguJGapmlbJT
FZ3334-100_2-Photoroom,19-MCdqs1Vjxafx3bcTcSdkzcHusvR-1V
AR3565-010_3-Photoroom,197pCRRQwH6QXOgG07gRLtDgArwcjxQq3
GW7083_3,199jX-v53xrOc28AYdQSJDtgbXYw8wWmq
748SMA0002-081_2-Photoroom,19DATq6leCyuywFsYT0TGqpHOTeDNzyjQ
400708-02_2-Photoroom,19IkAzPtz5j98m4gXf72FRF-Y-6Ue3ZPo
GY5701_3,19L77gUKKokvyGKQB3gLOETsTe2p8jlVV
HT6352_2-Photoroom,19NLi9ErCE1jMsgU9N663SHbCXWQ_xplg
IF1764-100_3-Photoroom,19NyFm4OfyqL3DOvI7RjZwF8gCzN4y9Vo
H36569_3-Photoroom,19Q8NHJFwhFaM7w9mKgseaQXgzeBgGhcf
1376700-410_1-Photoroom,19hWibtL9Nu7xmPNj8Nt0XjUVDkSHixYI
1386879-001_1-Photoroom,19pRJFKRglk5DtPilNANMfe3I_cChIced
DM4044-111_3-Photoroom,19sEPRF9nBfR_qGzEerSW7XQstxIjR-6g
FQ8449-600_2-Photoroom,19y69u3tjuWpVNj47LD3N5LzBkaggKQCS
EG4958_4,1A2guxkVcRgjXHehlqyu7oIyuutFA3hBG
FQ8446-800_1-Photoroom,1A4WG4uvwde5CU_D2mr11FfnuLxgAP064
400731-09_1-Photoroom,1AHdJqE_NxkVAw7oEq85WcdyjyhM-XJEd
HD6792_3-Photoroom,1AKNvbWXX34HLNCngbMhnhALAMiqL4Vls
FQ8446-800_3-Photoroom,1AL5B0ThqlE4oUkqjaGZ6HAa2GLC-N0ST
II7398-100_1-Photoroom,1AM-o6K7exynxyqjUZsVdc1Z6bX-pFMtP
JI1133_1-Photoroom,1AQrGbNqpQuOh1cp_Sggng1OVhMPmFTEK
HQ1967-100_3-Photoroom,1AWsVb-T454MMNCHYn1mMsPaUk5x2ofgQ
IB4921_3-Photoroom,1AZgVQbsuO8hyc6zNsuJa-w3lbe99h9FD
FD4328-109_2-Photoroom,1AeA_N8dr_xupeGbFp3JPgZqn214LXWKp
FB1396-105_3-Photoroom,1Af60LFKi-DQvs4S4mpOeitP3Wm1doux-
JI2060_1,1AfsI366eRrUtkUdIv-h4b2Ss95_YDp8L
AW04-W-01-14_3-Photoroom,1AgJGwy_cOAx7ZfQD4qdpLPhAW-DtLeft
JP5610_3,1AgTgMeHp76CZKTDQzMoy5E-PqwxLYFcA
DR35-M-02-01_2-Photoroom,1Aq1z0xI4gEGtuIFH-Xhet4wbQW4VY-Ob
FZ3863-010_3-Photoroom,1ArOTn1Gd8mcSaojZmzwcWrKaL1K0p-eH
IF4031_1,1AtgPZFcJ4OaCfKXB1-jRPXcHoKrbavYy
AW03-M-01-06_2-Photoroom,1AuYgQcW_UGMOjYKjo8f-r3a6OH3cuSLo
AW06-M-27-16_1-Photoroom,1Aw_dxioQzYwkpKIHV_jUR3wO3rzY_S4o
FD6033-403_1-Photoroom,1B1ZTXj7_y4YC8F0Geb_wQ6LkMx9Tccdp
1382582-025_3-Photoroom,1B2Naku_LBMI0N33WNQvRF34iC6F1U-JS
HQ6862_1,1B5yEzOkTjJH4N2KUqXYuQKvNpBovfiup
HF9415-001_1-Photoroom,1B79DW5vcsO2BrBG7vUVtQpCJrg2sug3v
IB2253-001_2-Photoroom,1B9nJR9hax4uUcPpWfPG-BUdqvUdSeIfc
604133-050_1-Photoroom,1BAl3bGr5OVD5qcVR2VFBrjmoIevW2Y-e
400196-10_3-Photoroom,1BOL28cxgAcZY5w22Cx9AQkgtqymhrjB1
FZ3055-200_2-Photoroom,1BR60aFlvozSsW6sIN-TG5GBBkMP3EXiz
AW03-M-01-05_3-Photoroom,1Ba0UBJiEOGHp6rtQ2cTt3nmf3QFOAqmE
FJ9509-600_2-Photoroom,1BcKDwDb4p47pMXa3p-VsTMyht43pjYXK
DN1791-111_3-Photoroom,1BcosxbzZ62yn2KLmyL-XwwvP9y4uLrpb
BQ6472-162_3-Photoroom,1Bi1i0ysiZWo9kUIMWQsZ7PR2bCTbizYa
FD6033-403_2-Photoroom,1Bvv5qBRejtQ0bqvJfndSXtl-6c797iOW
FN4322-005_1-Photoroom,1C76QtgV6apAoi1ByTmIZlSWlYrz3KlUd
IF2621-007_2-Photoroom,1CECax3NieXvZBJVBxIim2WnnTbwqDBaQ
432997-107_3-Photoroom,1CEQ_Qq6i34niIU_S3yEIyWvukk4m8Xlg
JQ5301_2,1CIeD__O3quc-cXehc34dMCxhFWG2soUs
DM0029-005_1-Photoroom,1CJg5q-35nN_IXmtXOkybXzBkmI5ORG9h
JQ6140_1,1CSxFWpk0oa6zEUaG7_RnofYRXnJnrjlk
HR1391_1,1CTQnUI4KOjdwsuzTryh3CkeJTi5vNu5i
748SMA0031-042_3-Photoroom,1CVCqEPmTCcZZ6y3C98u3g8Lv1-NtEMEE
DQ8426-092_1-Photoroom,1CapC87nB39B6WXPeW0P_tBIp6ggeXmuy
402830-02_1-Photoroom,1CjMGWhNjr2lIDxpdibaUfCf3dC680XR6
HT5027_2-Photoroom,1Ck8zRm1hcGMTJB1iHZphDmGqOLkj6niQ
GI7296_1-Photoroom,1D2dFW61OB0d9DrqAbh7l2uA3TUvJLEgS
432997-070_3-Photoroom,1D6-aucmAoiUxD7n04RI3sY9VpLC1tP9-
JI4746_3-Photoroom,1D6i2mhYOQnjTpn62ws15-qpvVSxTvRLh
HQ2037-100_1-Photoroom,1D7KEolUaQ3h1PXRLIA69YcPdZWIncW9K
IB6399-600_3-Photoroom,1DE2gyueN5RemIFrzcfatiBdBKAwVXU6_
HK0115_1,1DEOxDKOp8Sl4YGHIEpeod6ERz-aJZ2W0
DR35-M-01-50_3-Photoroom,1DGYly179R1BIqfUwPr7HHjUhppq06vO3
748SFA0018-312_1-Photoroom,1DN_XUCOJcoFG8ELRGzoZEbrx1t_UBZ0n
JQ5301_3,1DO6bHmG7cJ9JR3CKVU4WwY-MKhQDZwFI
HR9831_3-Photoroom,1DRXW9NqSR1Jhs9ZSvU-zhJ5OHLheKxdL
1365336-019_3-Photoroom,1DS5XmFaG0_ePYxqdiy3cqgF6IHDd58xP
IB8052-100_2-Photoroom,1DUCfwG4zjD-uuRgD3h2Pr5I9ap4khbkg
400196-10_2-Photoroom,1DUKTS1ydSrhjNcCY5jFNO3R10Mobccfn
AW06-W-01-08_1-Photoroom,1DXYep3UMB2tIiItmr2yNb22tC-Rz_HcA
IH7830_4,1DZB6ic_eWpcFlWGAZzq29Y8CCiZL9HPG
FJ7791-500_3-Photoroom,1DhVpECKLWYpMoUjlgeoUExg-78nidwDL
HM9431-001_1-Photoroom,1DkSZHBo-qLtVGvpXYhGC_o6HFCiBJXx-
1328962-001_3-Photoroom,1DleiPzRP-HayABhtuJ9L5Z-1aZf9oWoo
IE1377_2,1DqcH_ICjMNVorfAY4B7H-tR-wKZfbjKw
FJ7126-605_3-Photoroom,1DrYRpPLfGqw9dNJJTo-6CSshyYXmbhZ1
400197-03_3-Photoroom,1Dtg8m2yo4nKA22MZr3ji817ogRv6_hpr
DC0774-109_1-Photoroom,1DxLsHeLoM1KVtTt14K16rGFOa69nBRhV
IB6399-600_1-Photoroom,1E0NmNSyKdmK1ZA55IL7Q1WuNn_NY1fkO
JI1133_2-Photoroom,1E6I-Uz3kMDsZkBc93T4wMaxZIx5v9By7
GC6418_1-Photoroom,1E9_-6LrASQCVeObRKacOiZe3DVnFSYLR
1382582-001_2-Photoroom,1EGfAW6EdKIJJmUA2nAuDWjAH2WeRC84G
IH7832_1,1EU8Jwyj25MXLHdoW45RVkgq35aJIIgbo
IE1377_3,1E_wJH-LzQ1NQ8UyHXKjqTB6HRcwKlaal
748SMA0052-092_3-Photoroom,1Eb0l8eRqHWGlEhr_WEGE7aVe9kNh65rz
FZ5630-001_3-Photoroom,1Eb50viUCGWX4PgL2RlyzGl1rDmTJemzG
IH7830_3,1EeMzeFdgGDXwilUMx__XIUu3j1EneEr2
JQ2531_1,1EeqWJk7uCzA0mtO3YJoG8k8eJLtdI7DO
JQ6139_3,1EfYc6D9Vof7CbYD4rLLGQxk2m1j-IN0O
CV1409-689_3-Photoroom,1EfzjRi8nlevDOJbqriKXVjxYf8r50op4
HK0115_2,1EkjvOXqcKYh9HJMeLt7YrG-HazgUxC2_
FQ7327-001_3-Photoroom,1ErHzeVeOu4-msPvPVxg3aHnGSuOiA-Ma
FQ3680-008_3-Photoroom,1F-ElmWfARrtzYWKjnhQ4rn04x7zGQwZH
3024883-001_3-Photoroom,1F4HRy7tlaN75oK-f1natej9frZKFu57i
IH4382-200_3-Photoroom,1F67zHcvFNlRvJbqsuk8CuPg2gSIgO3G9
DQ8426-132_2-Photoroom,1F68J-M0AMHsGONZ9k4SMusXxpww1mH4d
1328962-001_2-Photoroom,1F7F29V08OgfAlnSYOJCeBJLpOlT9jad8
JH8610_3,1FA4Uwe1TjbciTJNyrFblsg2xeudRJalT
3028345-004_1-Photoroom,1FAVSwbDS6AF0IqMvEELZbOJmah1NYAm7
FJ2530-102_1-Photoroom,1FKyZgVl7Ur2Nqr5fhX9blvL066Br1Prb
HQ1979-001_1-Photoroom,1FOj5GWB3csYA_goGQokjnbHW_9fcyjHY
FJ3145-003_3-Photoroom,1FQadqzFgdN9Gv4Mzxq-Eh92aoEoSnHkb
HR3772_2-Photoroom,1F_NBLfzykmjlvIsHk7xbAuT33Uz_WXn4
GP0148_1-Photoroom,1F_hXVHxfy_xvbU23YYyQhz9-3b6AvwTG
DR05-W-01-02_1-Photoroom,1FcW62kt3s3n4q4AMe981Ot1OAxcXrRSY
JI2060_3,1FeSknPz4osABaw4X3M5n-lOVcnn1zxF1
749SMA0020-2G9_1-Photoroom,1Fj13A1fQIFDn2PX013sbWcixlkiOQ6bG
JH6724_3,1FkkY61M3P_KIqCWtAC1A3R6Xvydoiu8T
HQ2139-700_2-Photoroom,1FmKWXd8LW1g467VSbrSnpUnFiKydEmGj
379495-10_2-Photoroom,1FpOt3WBFYagix7QrjZF19y2AFEvE5gIO
HQ1657-003_1-Photoroom,1Fuichi3ukQsz436j00L1c5RdCB0A9O-U
3028512-600_2-Photoroom,1FyfqzXEnVJ3aX9rORXfPB9h3RADcCIC0
IB6543-101_3-Photoroom,1G0TxKB6XHjdTkVUwiUZ3ZJLhAEG21ScN
HF4546_3-Photoroom,1G4ZLVsfN3odj6KpwojNjPcDTgdOI-psa
GY5701_2,1G5p9nAdyEOoL0RG40mJiEAUCTiWEkk4-
HQ2011-100_1-Photoroom,1GAMRYHqQunrRKcKRdIkWcXhnoVoGbGvy
DN1791-111_1-Photoroom,1GAORxw3mZAm5dwPGl2sKKZZzTn04zrQf
402592-07_2-Photoroom,1GCtwfqpcPLXLNFZzoJL8_z3vql0kG939
FQ0904-006_3-Photoroom,1GJc4U967vP55FfMHr4pKtpR-fgO0UmpA
FJ9509-002_2-Photoroom,1GQ0mmR5ObFX6e4Wb64xx3PjAXSBu49JW
1329581-004_3-Photoroom,1GY5L7HlWWrUN3FcSAnrcq4-F-CHYd5gZ
HN8171_1-Photoroom,1GYYE1Rs_1xQtT-j9P2h5PJ5ZGY5XT0rN
DF08-M-01-02_2-Photoroom,1GaedVqk8ehBhhMM7GJLU1BlGw01V9Z12
AW06-M-27-16_3-Photoroom,1GdcMhnRbrD3FvHrdi0xuU2SzlbT9ZqXS
FZ6598-400_2-Photoroom,1GgoDMBurzK2jEzGn--B4rvplR5xwVdF9
3026518-400_2-Photoroom,1GhROorwnzFZcc1fXgLfemvxyOSQxu2VG
IF1764-100_1-Photoroom,1GjP_zS8Uwsb9mxOx_5rt8L6nwwRus5wn
392328-37_2-Photoroom,1Gk_Ydwos9JmEvNIQoLip6ZyoA5Lpr_nz
HA1236_2-Photoroom,1GlLPtAkkOC20F13l1UNweDET2finn86r
IF1764-100_2-Photoroom,1GlkwigR3HqXk1_Q7s8h3_6-NT9tH1I06
DF06-M-52-17_1-Photoroom,1GpKqsP3XVxj7a9zPqeQBktrIn85bBjTo
JI4746_1-Photoroom,1GufSLu9CQs8IJZiWvgpC_z7L4vYEmthY
IB7796_1-Photoroom,1H2otPCsp7ojHqtIzqh1qfk_nmGSwgCAC
432997-107_2-Photoroom,1H3fWVrPC5-QK8IT2RZfRGbT7K7swUmMD
DV1238-301_2-Photoroom,1H7iDfZZFfvrdXwG2ltnHjY-w5YIDm1S6
GW7085_2,1HC7yOboIunm9gGwIC8xMq1sdyRgKBFt4
HQ2037-100_3-Photoroom,1HESoy8fiOfWa1y985GsRoqhZcBa9DXGC
DM0029-015_1-Photoroom,1HF_ddkRORKb_q2QUh7GhEpSF2CVZ748T
DM0029-005_2-Photoroom,1HGPQTYJ3-zncJ0Kcv3GBGVVPpjm_Ux62
HD3530_2-Photoroom,1HJ048c0jQYiRLmqR3Z7z_0ysf2bnY_Eg
HR5760_1-Photoroom,1HM7UVqhXX4dLIpJHCbYDGnsLvdDvxSIV
400267-05_2-Photoroom,1HMAJBVN-KzTsHHmsqjq-CADye55T8slC
FQ3680-008_1-Photoroom,1HOOefGcExb1g4q-yjO3FrBdgxoofDDly
IF2621-007_1-Photoroom,1HPAXAVtZIJH90k2k5nn1hJ0CBmToT0rJ
IH3588-010_1-Photoroom,1HXSW2TfJYOABDVPKOJg5Qgn6GrodsYyw
748SFA0087-AJ8_2-Photoroom,1HaF-Pmc8OevFghaImyE08Fb5grtexAsm
BV1358-003_3-Photoroom,1HafZBhT35f60UTP485_NGBbGfnY8wAKT
EG4958_1,1HeZRlIp72G_8SfGJikmieJKvm-wwzacn
IB6399-001_3-Photoroom,1HgMdhkmSxfWz8t5R6C9GQOwNV8uIIGAW
FZ5604_2,1HhTU1W6rblgbXeIGggJbmgJQt_hu4FX_
HF2793-600_3-Photoroom,1HmazBsTHnD5XB1X4jW4KcCnqYRpGn1rM
DN1791-110_3-Photoroom,1HmxACDj-PybKukRUGcSidm_nzyiPnszx
AW03-M-01-05_1-Photoroom,1Hr6TxPcZZ3RfSYaboJfqoRXL1hF-uJ5u
IF6553_2-Photoroom,1Ht5mkLMIW0Sj_IcNpAcmlHLXOe7pCXwJ
DQ8426-092_2-Photoroom,1I3EVJAT7CNQTIyGrGnsVv5trJ1wKj4Zl
GZ6251_1,1I3nlcTnabuBCTAeYR8EQonb8xeaURfTR
FN4322-006_2-Photoroom,1I4U4KulfcSw_0NcYuWaEUJoSCiLCPgwi
HF1233-200_1-Photoroom,1I6LBjnYxAFcK5AfX6wbtBguA6vjVzqua
HQ0013-600_3-Photoroom,1IL6Re2O1beP2AX2ebZHRALo0uzmx78Fc
3027007-100_1-Photoroom,1INAtlQHqWeG0Laxbi8p9BZs8dMWoKeKg
IB6543-100_1-Photoroom,1IPtahEY8M4Kzmv-kiEuIo-hyysyvd5jY
748SFA0066-G1N_1-Photoroom,1IWHvdX5IJ4LvBO71uT9Wq9ykYiAl0k0W
CV1409-689_2-Photoroom,1I_Ozfp_VKRvGGsL3xcbo_4p7Dl96-2OV
HV5184-010_1-Photoroom,1I_ReGeOXiamslUxv7iNV1eHClnYCuAWs
HF9415-001_2-Photoroom,1IdNjB_jjUDAP7elnLkjGh2WUpZw-NrqP
400368-07_1-Photoroom,1IeNlmhbbuVJdD_RKNhCiy9d1v_CEVq8P
GZ2446_1,1IexnPFP5vIbsF_bW1dYrpuMzNrCL7FG9
JI2316_3,1Iknntel914MzxJlmQOIbs5_Hu-BqBr5y
749SMA0008-KL1_3-Photoroom,1Io502vWzP0oN8MccBiI-RZynnoSadFw5
3025527-405_1-Photoroom,1ItG5cBLYoy2ZxetYRzDwGFXrinR1tf5j
3027007-100_3-Photoroom,1IusM_4ubs4Z3S6GeB-04A4VmjTh9lqgr
FQ7327-001_2-Photoroom,1IvcbAYUSEhjh_nLh-_ibw732urfPN54J
FZ5630-101_2-Photoroom,1J2Q6rW4LobxpBf6hs_WylGPjaqffFZ9U
748SMA0062-Z83_2-Photoroom,1J2cW1s5o1Unfp0EIq00inYXdaHQINsyP
FV6343-602_2-Photoroom,1J6D_k-qsGn1-JkIFPKFyjz4t8herbVMY
IB4921_1-Photoroom,1JA2gltNluYGt0eU2Un3XNDTGMMciKDcR
HQ5040-101_2-Photoroom,1JAazKLhyQMv4pEahosV4jpKhntJna1J_
HQ1657-003_3-Photoroom,1JKqGmn82dYYwxsGPLuPTpOSQ01NBiAqL
IF0668-002_3-Photoroom,1JOeMn78vvK5baLQbMm4DVN0_gNVOlW0b
DM4044-111_2-Photoroom,1JPxZE4nbxCIE5yiKV4UAKeWMUDEbzTzR
HM9431-100_1-Photoroom,1JUgmNB21h966Pzt2zhzJzKvhTxSy2Up6
DR19-W-01-55_1-Photoroom,1J_VN3QlNYBFenMZSCQR9CMlN1blHVlLG
GL5412_1-Photoroom,1JcWGEvJzWL326N9OTwEhiCm_-qG5VZlc
JI2307_3,1Jhkyh6K7py8dqK_FUjz3OcQe9YWG13s5
HQ6912_4,1JsnMtNNpIpT36CaNx5Jz7b2i3PMadscy
IB8080-133_3-Photoroom,1JukuroepQg-Jrj1z8BgBgZ74JorhPSiV
GW8569_2,1K-7NbkyP1LOhi3lmedOLnSFxTqJRNuDH
432997-128_2-Photoroom,1K3TZqJ8ZBzFEV4Ym5hf5lKgyZzXuFgjJ
HR5760_2-Photoroom,1K3pPtq_T4f9ZhynII8N_TrVE-RE0C8nL
402635-02_1-Photoroom,1K4JSSZ2SRvQIviVVeHz5rBKPQux6XGkG
IH0856_2,1K4zVe1K8xcdyuIzyyXxXvM5dpNT5oCrg
GW8511_3,1K96kWbFPcWSNEBsq7Ne-FqIru7fBr6gB
IF4033_2,1KIOi-HuCCdI5LDaaqo62yKKVPRG5mIj4
IH3588-010_3-Photoroom,1KJkRJODDOoBLdbpV_haFVeHXLc3qOwMv
HM9431-001_2-Photoroom,1KMzYx4nsQQFQ2glhCdCqjyU72K9itHPm
1361588-001_1-Photoroom,1KOfAfB2tgW04xw5alGl2RM8eO68mcEeG
748SFA0087-18C_3-Photoroom,1KQKel2qkc_IeiV-3pQ9PHDVhIeyujjfO
IE1379_1,1KZibPaXvEB2lrNKi2xKpp756yH6EGZ3H
749SMA0010-2R2_3-Photoroom,1KiE_j5gmueA3ng95p3JuChBuBwA2ZU86
JI3217_4,1KiMAJMHo1mtRWZ1BDV_-gQ6RxGOq5Voj
JQ5126_4,1Kr0qIoHmUZbjwjesw4OTnH1jxKy-RSuK
BV1358-003_2-Photoroom,1KrFjghhUilxV_xjPxGNpIRM12NUSQOlr
IH8298_2-Photoroom,1KzY8TPPu4QT8a5Aof1zPBlIAv9c-tAs-
IF6553_3-Photoroom,1L1Ll37oaPDeDgcm13p9kKdg7mB2vPY1t
HA1235_1-Photoroom,1L8zLzmSEvFbU6nnSbOnyHQrGwcWRY2Br
DH8010-105_2-Photoroom,1LBHu7ZSrqslfmXi7jOeNRKY50S5NXNf3
FJ7791-402_2-Photoroom,1LJ3hgt68mWLGJ3OTMFtAtSCDDJlfYkii
IC1277_1-Photoroom,1LNVmphj9_bBQCDy0My5xSBD9jBwM_g-I
1383655-001_1-Photoroom,1LRmUQbsUogxap7KjslsjtMA8tDFLWcJb
IH3646-499_2-Photoroom,1LXf11EQNBsXIiVqnl2as9UMPW2Q6sEwr
HP9426_3,1LcpuXm2qy4-Sh3Oc7VUsA9SA2Af4dW5p
JI1133_3-Photoroom,1LfRYLWEVa2FcD7OkHAhUnHxnJFOakfki
JH7988_3,1M5ZreMYLbN6m_-oidxudncoTm8Xk_Aml
FQ3680-007_3-Photoroom,1M70FHrOODtp4BUclA0bG8EXCCn70mJJd
HQ1657-105_3-Photoroom,1M7Ns_sR3QilnUn_eIwHMnE4VG4g93bVh
JI1350_4,1M7z8hXcaEaCm9oV3nhui2Pied9gN_mVr
DQ8426-100_3-Photoroom,1M9-S47oIMHXBvpx2DldYycWYmB8EafJW
HQ5040-101_1-Photoroom,1M9rYCFZ3G7I4Ns0cYdaXTY73DrxSFKi2
749SMA0011-65T_2-Photoroom,1MFRuBaTRSCYbQ_0U73aWIhDHyG01eLPK
ID0478_1,1MGh81mqZVUB89rcCUQUbDK_FzBc1u0dt
IB2253-001_1-Photoroom,1MGifyDA2KJdjjM6jJXKhY165W6vFQ_TD
3024883-100_1-Photoroom,1MHZAwSAWG0Ic4eupW4l5NAwhun5PjQw5
HF3141-200_2-Photoroom,1MKSrzTyYbCy4dRgSQDkTVxn3jOrPVPwS
1361588-001_3-Photoroom,1MNBZyfM2Z3D3KAxkIOny4J2G3jIQEGfz
FV6519-200_3-Photoroom,1MNiQSiE-yG_vXqfPtSpbKt5TWtK2f9EE
JP9678_1,1MSqqqkoJZLYQwFZYMWcyEDxAPagmYqEr
ID3711_1,1MT1Ssnf_dzpNbpY8pJw0g7fp9mEFyoTU
IH9995_4,1MZ-hoBQ_6ZMJyGkXlRthPcDj4pqNfMP0
IF4033_3,1M_s91hkD2Sh6bn7MKiy61umHbzAX05_E
749SMA0007-3E6_1-Photoroom,1Md0JJr-Q8GNX6mA2A8aiRA2CFwHDAG5-
HT6352_3-Photoroom,1Mdks7owe4f_u_4L7mY5-OWZGe7gJfxVI
3027005-500_1-Photoroom,1N4jOl_J5b4uFulaguLm8AESGfK6h1KUh
FZ6598-400_1-Photoroom,1N8ZTd4qKXrOeYqWmQLvlhcCF1TKmtfVo
IB6543-101_1-Photoroom,1NAr8fB_M8dz42AI5EnL9l2X9MJJ0KGID
HF5531-500_1-Photoroom,1NBeMb5smGgYBG7Z0rSzFusPu91BS0UXm
JQ6139_2,1NDBzZ_Tec5UbmzxEM5qKhAnd9eXtJKMO
ID0478_3,1NHOGgnhAcmt_a-_DkkwOSdLSAZ8GyBgH
AW06-W-01-08_2-Photoroom,1NIFQUhLlT9ZwdJ4zkaUAbowl8WRsw0fl
520185-01_2-Photoroom,1NJgcUNXqNFwvyZfjupWJDKGuTQNkn9iE
DF06-M-52-17_3-Photoroom,1NOU6tu3kzY2ccQZooJAGcNweuy18Rrcv
402609-01_1-Photoroom,1NVY544CKuw-Xyh2DAMerFCNOabERGcH-
H36569_1-Photoroom,1NVZHP1jLBjaCnBHGdvoOWdgwuw-DAEYg
749SMA0015-270_2-Photoroom,1Na-2UPXqqWGJOBXQ85-DW68oLo0dNnGH
HN8171_3-Photoroom,1Nb7Qci08bwXP17t-U59SFbHH0GVlC4Sf
ID8760_3,1NbUlFbz5cuNqULWDkIjGgSoDpTK63WgD
IH0856_1,1NcqMWs9jTSv_tUrmYFJ5LBduPuJbdcCF
B75806_3,1NifRCLHZvqe2p-mSxajiMVUQzBtzDC-F
IH9995_2,1NjkXrwvMA2hTdtVjhJjRDUpRhLl_saWO
748SFA0046-312_1-Photoroom,1NkPCFq1Sz68bgwRbFK-eCkkPUz9IQ51K
DF08-M-01-02_1-Photoroom,1NmQbyGcLQ2-Xk-F4oul6E0PQH3iHwezh
HD3530_1-Photoroom,1NnRu32W1BsJyaHG8FPmb9hK5_WPq-5qY
AQ1774-102_1-Photoroom,1Nr3jEj9fkVlOa3hgXK_gALVfQi4TUVUs
FB9933-102_3-Photoroom,1Nrt9qjtyBniHGPIHVlia96ut7YVLyVVP
HK0147_3,1O5h9O31YmpSQWvlfMfxnIvV76YWnV9zu
EF4842_1,1O6sXuDd7tFRPTSh6SvxNUJz42Ls_c9TJ
GX6394_1,1OCB4GCkWC_tEAVM9qPBPPXmQGoWIAtKY
FQ3680-007_2-Photoroom,1OGB5jpherbHjtu0IKAFZY0BFJqI0c_YW
397262-02_1,1OIDAQ4bhyhfOCB5ViU6Aueo15dDiNgZ5
FV5285-401_3-Photoroom,1OMBaI9Jgjj2qk1BCrsCPg4KQXSZE6bVX
DV1238-107_2-Photoroom,1OTMcihNaT9ORYVdI5lHbzrxZ6S5kvDgN
GZ9653_3,1O_XVq7EsXg-oPB0vXOBNrWKVJ9V3HAfh
JP9678_4,1OhO3p2a1vt9Rg62IsTgmuBSxudzXN2u3
DQ8426-132_1-Photoroom,1OhXgx9fW3JRkGtvJNS0NiLIVZHy2AIXc
DR19-M-02-01_3-Photoroom,1Oi4G7gNlphPWcuGS3G_m7dlPCEMMeJ5x
GC6418_2-Photoroom,1Ot6tME1-MP_ZW5zc7EzuLVKizwf-YEVv
748SFA0046-21G_3-Photoroom,1Oxj2pi_E477NMYT0yLjJerlYTYJvsweF
DR35-W-01-28_1-Photoroom,1PAtjVxMLHNw0VRwdFfHFamjDcR-LnzAv
FJ1674-002_1-Photoroom,1PFICnAQRv5GnK0EmoOHgcUG5CpysSNAV
553558-044_1-Photoroom,1PJ2t1GxmhZaFET6ZThPGxGvzK82NMuC2
CV1409-689_1-Photoroom,1PM1vNJbp-NLvHOxe8MzkBIAOsY-_RH6Q
400368-07_2-Photoroom,1PPCQgydqc2dqNzVuiMzP9G03N8X-Gc0u
FJ9509-600_1-Photoroom,1PXbnKUjO01FaR8zX51Z0fJG-3JwxWU4g
400497-09_2,1P_SvY8fk8V4V01zM2ZoZRUiHo4urS6VP
FQ3680-007_1-Photoroom,1Ply6yGaWl_eozFNHXNInK2G434tj6SgT
1383302-100_2-Photoroom,1Ps9fVyKLNTDVbILsA_BrxEluvOyTap8w
DH8010-105_1-Photoroom,1Q0Jn5a2rB-e4yp10ty_GdyPlv81RZCJm
JQ5126_3,1Q2SzsAnVUhytJXVst4Y7azRXVNz6QQIi
FZ5604_3,1Q37s-T10od_qJSm0cGiLEo3yIY_bkJLE
HM4970_1-Photoroom,1Q4fgqvNjIFrnLMw4kfdCVQLgHS_uwiOh
3028513-102_3-Photoroom,1Q4wC0NuCSGj1VOuknpTQGSYahkDV74yn
400368-03_1-Photoroom,1Q5MvQYSyGkU4vNcBLRboV-sEWsh8awMt
DV0990-111_2-Photoroom,1QCiv2wwoWIVoM4Im6OW5zOwdZMg8NYDh
HF2016-100_3-Photoroom,1QFSe2r3OZ8cuz5BkyvK-U9X9cMlxOusT
FD6033-403_3-Photoroom,1QICyUs6Q5lZ2-z_gh7CL166gTbAxJ7JM
401622-07_1-Photoroom,1QIn480_vF3GCjgXgny5xPtCJ4YATFjDT
DR05-M-01-09_1-Photoroom,1QODIn8GhKiKLjoQJAC_VwLWkva1WohaY
JI1349_2,1QP9i6qUWAs6rDMyPmp5Mwm6M38UaUBpK
1383481-100_1-Photoroom,1QQTKO_NQc8vPo7pC4mWhiVoOhVktdfyN
748SFA0018-312_2-Photoroom,1QRRRJVo-8ZpLOUQ-MLUnjJjqdfUqDVIs
1383655-001_2-Photoroom,1QRmjdauN59D3OBGtUOkVWni7B7LftYF8
HM4084_1-Photoroom,1QYoU4qv66FiNGVATdKNgHG7QUo4eOVFp
DZ5485-008_2-Photoroom,1QciR96kaoQ7c_n6rz1_-Fn7gob4fbw5S
749CMA0036-21G_2-Photoroom,1QgB325VfqvpVjTS5X5_w2bTbBsm1867A
379538-01_2-Photoroom,1QgslOqxHhimj9EzmBpZUe_tcVh1SuJe1
IB7796_2-Photoroom,1QhTyJDAjp6sPXOH5NlfzCRsCiNE_eq1p
ID7056_1,1QnTZGiIJpUpsYhc-xNFALTjlnutJP7n0
HF2793-600_1-Photoroom,1QqMnlNonXyFtedZJ7PQKUyQcxFsHxwSe
B75807_2,1Qs-jZ__agA7kQfatAVtBfYNivtWkUIkp
EF4838_2,1QsYavmVZEViw1PiknJf4t9yv0vtQ4aAh
397262-01_3,1Qu5idvtrz5ihlcFac70fos9eeWog7H70
IE1379_2,1QxWADkSR_P61kJ20fnAYVKlsenmR7Dlf
HQ2851-400_3-Photoroom,1R01sjzJes3Em_0m6aavXg5BPgA71X5D3
400197-03_2-Photoroom,1REzKZrAG-uYhGRGgmd_ZIs3F_QWqGAiU
FQ0904-100_3-Photoroom,1RIen1nuigvUMu9axbDRfM5rOVO9b8xUQ
400708-02_3-Photoroom,1RNNQL6jHrntbGa8p1jpIGD5Wb_BgtxYy
FQ0904-006_1-Photoroom,1RQNJAb5RbrnmeMBh6wsO6hJnsholYlLY
FB1396-105_2-Photoroom,1RSiN7oTMZU7IbPo1DmSUB823t1Rs3JaW
FV5285-006_3-Photoroom,1RYnV8KCzHKURW7ea4OIFSDFgZqTOe_v9
ID3712_3,1Rgx35wugFcVMMfpx-YBcCpBG39v-15rv
IH7832_4,1RjexnGHgOAVF4oJCNQKankaQK8s756pJ
379495-10_3-Photoroom,1RlU-onYb9JNdiNpK0g8Hp8_kAenfP31r
GZ6251_2,1RnCxA1grDo0Bizu9EWWqa7pEGLmFwkZx
HQ1657-001_2-Photoroom,1S2y5uVvFpByPK2-KoMRgYmRFUza2foPz
JI1350_2,1S5qYK125xdbWn2nUZ5vEvoFO9R4ZI98e
IC1584_1-Photoroom,1SCIGjpZRtKd8cvMjrsUTgmZ8Gh7wkwm-
748SMA0062-Z83_3-Photoroom,1SIxNJipy7owGuKVX-4JPBXdGnmfFVkcG
IF4565_1-Photoroom,1SMaY0Co3yemHtWKGsRcILHeLdb7a8rzL
3028513-102_1-Photoroom,1SOBAAyg6tT6UKTtuj3oelkRMN1wcGdHQ
1350196-001_1-Photoroom,1SQzit82GmD-WKD5qwZ3lmyNKWuMmb1-s
DM0029-005_3-Photoroom,1SS3ducU65vgR1fJcCkqJtifyW9WXwXP5
GW7083_2,1SVpy4FIaZyti2t2haWD_XHhsDmPddJGk
GY9044_2,1Sa5aNCXfeMR-l2zKkMcHwtkuRQ9ZS0Yd
3027005-500_2-Photoroom,1Sc-u3ui0HMYayTLtvBlG3UY2aZvwYsMn
748SFA0066-G1N_2-Photoroom,1ScdVvOzjGDHYVRbfeNZGxQPI0yZhwmRp
JH8586_2,1ScyXwoLvTH2ZF1TE4FTXVMN6v4cEuV3B
3024877-002_1-Photoroom,1Shws3R_4VzVC8MBYyqjiov2KYeZNP4JQ
HM9451-600_1-Photoroom,1SnDgexEFLA-5fWEQcUDi2ikqX0iBUX2C
HF4546_2-Photoroom,1SoEyGqXrVMoAQPJVO3CbGInTmjQIKZoL
748SFA0046-312_2-Photoroom,1Sxw2UJbWsmdU3-7C2feqmueukrs-oJbi
IB6716-100_3-Photoroom,1T0NXjJoYwPLMM-Q6chlCGgVKtNFHFST-
1T1rmqonJ8xsp6ujYiRVb9kqQl0PwioVa,1T1rmqonJ8xsp6ujYiRVb9kqQl0PwioVa
ID7056_4,1T9vurS9bcZnmhfRiGF4VkjGys-wP2F3F
HA1236_3-Photoroom,1TGFIBZEgWPyw0xGIjbEWvQDpvDWJ9K0B
3025527-405_3-Photoroom,1TN1SM4xO47Renxdre4s3s6K7wrhF3XNY
HQ1979-001_3-Photoroom,1TNedm2cQRKEBNfjEDf60lNRWSi1gnjy4
JH6724_1,1TOZ_wXzoyIYSiuFppWsenQVmXD6fiWX3
HF1233-200_2-Photoroom,1TPTA2G0CwL7OfsSM_gjeoqS9P4tY3bdN
JI4922_3,1TUjgOVno-4M9wQ25hGIJfpkaXh2Ovk7M
IH6008_1,1TVkZzT1JV3CgDLWBWnboh0cXewYN6ZgU
JH8610_1,1TWVqZzPJHnbNsOUwRmzSyYhhCd9bIXOx
DR05-W-01-02_3-Photoroom,1Td5TxEiCrqgik0BCLiEgqGBSiM94HuDV
JI4746_2-Photoroom,1Td8Goe6RC3mNCpfCYECySff8AzSAeLxt
IC3631_3-Photoroom,1Tej23qj9EXpCsk_Qqfwcp6Ui4gtPnpju
FZ5605_2,1TmWy70kaTiS_8LcdqIVzTo92_6hbV4xt
HC9181_3-Photoroom,1TmqleDsrZS26SA3DShDADMpmYr7hffby
3024883-001_2-Photoroom,1Tq4yQLScJTY2Sk02HmLVJFS9n0G1ndY0
FQ7860-003_3,1TtRnoz5vctWvhdTPHvYqqZDPmUwczOfw
HQ6862_2,1U14d7BZBzn5L26WKl7N3KNxXZF_rOtAU
GW2063_3,1U2wXLaiY4t5Kyfui0NVpll3WzK0XRKc2
3024877-002_3-Photoroom,1U3FQRkmziPTjXuL_Rng_flUmny73qrsT
392328-37_3-Photoroom,1U9Ye19GB7VaqZOIjU-R6qK9BopzLH7Zb
749SMA0008-KL1_1-Photoroom,1UGnwYBX_gOjeXueoHmrR-3V-MsGBe0RF
HM9431-001_3-Photoroom,1UJrlTS2htDRuFA6GK9yCB3zzgYKJPqZT
402592-07_1-Photoroom,1ULkBecQxaCksrWonRd4Axu5iY_oqq3ed
400731-09_2-Photoroom,1USOpzRcEtZaOCGGQZ3OUFGgRUwpH5wPx
IB8080-133_2-Photoroom,1UTRSgwquv8cCCDWs-OxMnXt6oAylAXnB
AQ1774-101_1-Photoroom,1UUR8XRQsN-mgxeeOUXheGQDByBkOVnBA
HK5192_1,1UZ8aRbY07ZUpND_DRtRaxDY_bUiCoGo6
B75807_3,1UZtPh6fi2KtXsCgTfwGczIg9f-HGO7Dw
EG4958_3,1UcEcgqnpNW79dYfM6pkI4On77wU7p3iX
FJ3145-100_1-Photoroom,1UdGOPpCDTsw6hG1paqbhmkmFCMl_Jsef
FB1396-105_1-Photoroom,1UecpZUxGkiib7Lq3M8rMZR1uhc4y_X2F
DR19-M-01-07_1-Photoroom,1UhUr--wWXleK7Wj63T1ECXfJEa9U2d0R
AW04-M-12-06_2-Photoroom,1UjgPRZQF1Oo5VY_08Uydwlk01Oq6HPsu
FV6343-501_3-Photoroom,1Ul6yzSmaMqVxTzPKXnN_Qcs5DkmRkYVy
DH8010-105_3-Photoroom,1Uns-w2uIzNgMOa_-ySsWKc0PW5NcvWpb
DV1238-301_3-Photoroom,1UpBRViLtxTMbst8X6IhPbWkOR574U_0g
IE1379_4,1Uq96NBwOt_Rzc5AN3XEggwd7oQzKiESG
HR9831_1-Photoroom,1UrV-u9Y31mPJ-zRI56zUFxeeQhdkzdTw
DC0774-109_3-Photoroom,1Uu0ZnIQlxCerBbsYGSPTLj4TrQRkEWdV
3024883-100_2-Photoroom,1Uv9k2ZADSF_dd2ARdqaFaSUkLx1DOVl4
ID3711_3,1UvaXwNkrK5EwXry0C8bLcss_fej1uHh4
1361548-001_2-Photoroom,1V0rt5YrBSF9XWgDk6JX8soU9Oc6X7RVU
HQ1657-003_2-Photoroom,1V177LsJbZ97B7XkkfAXL-PJlDkW9wrVV
IB6399-001_2-Photoroom,1V9DZHs29Ghxrsl9su48C8MziH-3GEUGO
GZ6251_3,1V9O0mCQirf5xVAb09r7U8AEO9vMpw4bX
EF4842_2,1VCGt7GQpiiK5yzW_ZilANhg938zGpG9O
JI4922_1,1VD3BuqwCLrxrd-L3Elye7SEaLcI6dhuE
HM9431-100_2-Photoroom,1VKCWvWvCK16nU-O7tRBqhsGznexu-lUb
GP0152_2-Photoroom,1VMoGHgMRarRgaz59mqgdGixYyigjxRH7
FZ5630-001_2-Photoroom,1VQRvhqtQNou7D-Q1-ABs-DTgEkEXpVNy
FZ6199_3,1VXgIXt9-gYbuJeVL2YExFXjc0iu3jdIs
HL2019_1-Photoroom,1V_WT-_jRlTyXpyLVzwBnAbrI74yucgyh
FQ3680-008_2-Photoroom,1VdaWj_70CciB7UTZRAlRvDPQwSf4msTP
IB6543-100_3-Photoroom,1Ve49LfunsHzlwdM-ro0YEZqnjiC6D6hW
AW06-M-27-16_2-Photoroom,1VhGSon_jzCi8Z0dQYeHoJK4zX0NLy5qo
ID7056_3,1Vi9Ss_Gz6KPiNC3AxAX6GOUf4lXtMW-9
HQ2011-100_2-Photoroom,1VnsNYfVNJSN_Ie0mG_jhN01xvfUid1ow
FV6343-501_2-Photoroom,1VoEkf0Gm-ojJ92DZAQHqeRLMxHEx-jbL
1383191-002_3-Photoroom,1Voys16zwa5FVbnfvOHLA2NBWX9HYbrAA
HV5184-010_2-Photoroom,1W1KG-m3zeP7nas7Q8cunSwZ42rZn5d__
3027005-001_1-Photoroom,1W2rjuOuEDDsqjfFQRx5OKUW5QdY3yt5A
AR3565-010_2-Photoroom,1W7PPyFBzaS_CvWXy9Ih-UR9BeitH1PA9
HF3141-200_1-Photoroom,1W8Tyn_al0Hj_Yzi1R8AWFXapkozMF9xG
392328-04_3-Photoroom,1W8mStzR8HgsQHyRDe11FWxwewOQNR1SN
HF5531-500_2-Photoroom,1WAnjobxOhhrIiwRC3doWufPH1CvMCYES
IB6399-001_1-Photoroom,1WMvCjOxvn8Gc3LoyQdRoIovbWbYWf9Yy
FQ8446-800_2-Photoroom,1WOi0HoEOobCtBr_1qBYi310ClXXxKmFv
GI7296_3-Photoroom,1WR4iYJ6RaxKvh7FCwNIP5x2YKPcr8aK_
GZ9653_1,1WYXfFy2GHRrdgygAc9N8_X5T4rnhwVGv
FZ5630-102_2-Photoroom,1Wc7pSDV9s60LpEFDVn9fXlYqDRaIgaaC
IC4979_4-Photoroom,1WcXEPxGUIO6EA072RsnwJKyEZcN2wlls
DR35-M-01-50_2-Photoroom,1WfKbWsYRUZVNq_dehskWxmc5QHG0BEWs
DR35-M-02-01_3-Photoroom,1WlbpONww2u15Mf9znj_vxba9T_UGJnUu
FQ0904-100_2-Photoroom,1Wo90pmJjjP99NWadChgFY4VYAMwR7foC
400267-05_3-Photoroom,1WpWfV080LLz7tsMWCOKDW7YeFldCeIXi
JI2316_2,1X09W4tQxVw3AD94yi6K_WHy0Dpg0nwgl
1383481-025_3-Photoroom,1X5_u95mDqpdIeshDgcqfJr9cV5_V74ib
392328-04_1-Photoroom,1XA6-7O379hS6xAl37I2-myDfOgGrhCax
FZ3863-006_2-Photoroom,1XAgLDGK-qKXfgtJFVL-ybrEHJMgQ17sv
HL2019_2-Photoroom,1XI2aTxvBbX6anTTL5TGc8_1pOdt9lzeW
HE1753_1-Photoroom,1XK6Oj44Ts2n83-q_QmUoctREC-X3rn1i
DZ5485-008_3-Photoroom,1XO_ADnWv1XkS5JYOZf1tDsY6SoDHbg5k
GY3581_1,1XPWVr1X4-cmBv8qF-RdHrZciAFFEG8q9
HQ2010-012_3-Photoroom,1XUlUwTZ18dY64EtusxK2uvirtpXlrRgL
3027005-001_3-Photoroom,1XYIdWw6Kn0sMyXA8do0CNRdRjM5eCYks
400711-02_2-Photoroom,1X_8g70XTcotY3WrUAqTBbPgDMSYbeVTF
JQ6140_3,1XcNoJauoXtNjCfLfYcUAK-NJvqPCHyen
DN1791-110_1-Photoroom,1XhKK8rus2tZETZ2QpmLvgyMUuyCrFe3x
GP0129_3-Photoroom,1XiRowP3SzJz2ZBPffI8-3eumXui4qNzP
IH6008_3,1XjiH9SUHrJ3DZ0uKGlVek7tUO1gRGgLj
392328-04_2-Photoroom,1XkS3j24F9ILPqsHjO-tuPK7m2q4XYO8z
749SMA0010-2R2_2-Photoroom,1Xl9THw0tEMGGKAxFv6RX25Vfy6WGPeDQ
DF08-M-50-02_2-Photoroom,1XoAd1vxhHQg0639jz44PxTGa3n8h0pGD
GI7296_2-Photoroom,1XrK7locS4lOoW1qR-wH8FfnjYQ1MSzrs
JI1132_1-Photoroom,1XzWOyjySb3LUX-oskHcVOGu10orcbrDM
GW2063_2,1Y1Y5viekN4EFoUBbB4f9fdzsj6kPaWwE
HQ2139-700_3-Photoroom,1Y4kBw-HXd4cG3b9wkhuGWraMDriv4IOa
IF4031_3,1Y9-EKW2W2ySmxeE5xo8FG31rWQg26dNB
1382582-025_1-Photoroom,1YDGK9lvpO-wcoJQkRBTMctRF4IasDtGv
1329581-004_1-Photoroom,1YEWbtCW1el4eZh38IDpaQfE06iFXB0Iq
HH8073_3-Photoroom,1YFhB66HZbOo1ZML-Be0g5p2HMGUJgME8
FQ7720-103_1-Photoroom,1YLlznDkCu9m1wyBcZoSq2SdhVBfPD4f4
HV4915-100_1-Photoroom,1YS-QUZ542pmXC-Zg7c7GQX46RE3B3Y93
IH0856_3,1YVVx67Mih5wVRExmcHIxIc--3wQN-wP8
HQ2037-100_2-Photoroom,1YXQppHhdTE_V62Zo0S-h6g-tI-XN5gUJ
DV0990-111_1-Photoroom,1YZPh0ig0S1LRrxRpNgnDmJGKLa66YZSA
JI2307_2,1YadjkKXtfmsbNetQL9dSyjOXFVwCFN7i
749SMA0015-270_1-Photoroom,1YafNSMaURrr15SFQAw0Iq_kchWEkNo6R
401622-08_2-Photoroom,1Yd-iElPV03hgK1HFF8Lk4MysXoa4XXpy
GW0567_3,1Yd7jP-pcMVNBqPBXyNvBkNoCedyjDAPL
IF2620-600_2-Photoroom,1YdzdtZo-F4Z4Lh0QzO33_RnjXcyPEn_s
1329581-035_3-Photoroom,1Yf6uZ8q2ePcsQ8-Eez9tDt17mDt2vt7y
DR21-W-01-17_1-Photoroom,1Yi4aQL-CZ43PzqgvzkJw6d5_W_lW7_Vm
HR3702_2-Photoroom,1YtbP1sOGdZS-Hdah-6FlY1zBRzCRdeFp
400711-02_3-Photoroom,1Z-qNRWiqyOI8GZj_RyL7cYS2OVadMSio
JQ6140_4,1Z6u3Cy1shUPBhsYiN3EIgIcCA1FtjHFp
JH7988_2,1Z8Sozl9Fp0ygY8rvxqSO110oo_aNuVGk
HQ7487-600_3-Photoroom,1ZAvkEofosuC_mQqPUxMlxIlW-thaBxHz
1383195-011_3-Photoroom,1ZJMSGqxfBXPg-ekuLYdbjM0HtWd8laAS
HT6352_1-Photoroom,1ZLu61K4IfCV5k2vtnILSssDe8CqYEdcw
ID1371_1,1ZY6tchFZJh7zwovL8jp9J_ZgedPt77ej
DV1238-301_1-Photoroom,1ZZXoe3U0Gsnf0BsLlqczVCJvOTweO9WU
AW04-M-12-06_3-Photoroom,1Z_HolcFu3iYDoqEjms9JHhkYuBakz8mC
IH7830_1,1Zc-W4GiciCY4pH6QgzZMgBiXK46H8_Kw
402617-02_1-Photoroom,1Zc-x4EjQ0DSA2ZQCy6p8JHJKQXMW1Iuu
HL2019_3-Photoroom,1Zg4rx30COOjhxol-U208yhar1n52BpLT
432997-121_3-Photoroom,1Zj5YhN8KfjT0DAdeWzFIszeWxQwGH1fP
432997-121_1-Photoroom,1ZlU_V-WK2tVtf1S4YyuzDw6notIlz0ee
FZ3863-010_2-Photoroom,1Znyv_TxH6tgh3mVcpxjF2a0Fe6rJ9Tt5
JI3217_1,1ZoeeI2jzGntbwBW1OHHW7jfKlD070014
GY5434_2,1ZqUblYaB8LNvHuNZMXKMMkyzoGsCS4kE
DN1791-110_2-Photoroom,1ZzdUk79Pak2e9uMF7bY8GwzEdzMofiK7
FJ9509-600_3-Photoroom,1_-KOi5PUaRK9Lo9EgiQOg_Zv1NjK9CWo
1386879-001_2-Photoroom,1_6hMG2mjViwQD4l4Ln5tFR7Rj4G6krxB
604133-050_2-Photoroom,1_9WMjgDZ0KnFwL5KpzDSEw8iQQx8ZQZg
HQ7487-600_1-Photoroom,1_HIZUaxkvueYOo6PD9O0DHHvzQl3vPCv
AW04-M-01-16_3-Photoroom,1_ML4JjBQVuaH0ste-D9IcWCx4l9jhAkS
3027005-100_1-Photoroom,1_Pn7TjxSh2516fwX3XlDbE0CHxcpmaF4
JI2060_2,1_UU3Na6YhF_1y2IPCiiYa7tJK6atml66
JQ5126_2,1_VRGYLsNY9MCnYCwcuHLXaAjsqK6Yp4n
GP0129_2-Photoroom,1_YbvZYzFHgeV2LsVVDe-fqZpmoIVlhPj
JH8610_2,1_cRpJYGL8S1M5DowAP3LgIq4kbgvOPb5
HR3702_3-Photoroom,1_fA18q1aeBFgDwQxsHcRhSmVGGpWh6ao
DV1238-107_3-Photoroom,1_frlN7H2eX6p0_MrZFXyhsVy9i6iqXk9
FJ3145-100_2-Photoroom,1_j7cWhFYn3JMQY9shDQiIQjolDkmzfbG
HF1233-107_2-Photoroom,1_kYEbUI1TuAn_UGNaOy6YhwK_i-tCnvR
GW8569_3,1_nJfOf6HsXos6dG38yyenZmUl6x7wuhV
748SMA0064-8F7_2-Photoroom,1_uRXsFteN7rEpi10HkmXQZ0BG16lnYkK
FZ3055-200_1-Photoroom,1_viu0ZRoHrENbPmIqRRw9OPNTgKq58Lv
FV5524-003_1-Photoroom,1aAdnSsPbLJ_rn79VORcUxezHNfyyYjWQ
DR05-W-05-01_2-Photoroom,1aAxsrWpYq2ZnSawV1N8ubJOt1on1QhU2
400708-02_1-Photoroom,1aD3JvEwWMQMwjTHZq4brd_pKOs1XGZXH
IH0156_1,1aDKqDlsQ8mlb9bzRcmw7Eb9d8_8Nux89
3026175-400_3-Photoroom,1aDhbdtjjZKRyhish4eUn6Yi99jM3wxbX
HN8171_2-Photoroom,1aRt7AFVeIMLCIzu-9W47gAyZUiuPeEGN
1306443-035_1-Photoroom,1aS1iZ8FQGwP0z4zLEIYs2rGq3rxJDSPJ
BV1358-003_1-Photoroom,1aak9JduX29_0Jx4K2V14cFPTMRpE1RJZ
HD9533_2,1aeNUc8jUByHjp07HCwKn6FMZckIK68lO
AW04-M-01-16_2-Photoroom,1ags6doRHdQXXjUJe_fZ1WlntDeaj0XcU
HQ5040-101_3-Photoroom,1ajnvVT-tJDwaDB3JwN0wAukK_xWgPywU
432997-121_2-Photoroom,1akavzT3xyYz9vvVNzKHQwFWwf1yT6QGk
HR1391_3,1anR2jPaLxNd_Eb5SW5k3VbBNVlUtbOgl
FZ2138-114_2-Photoroom,1aoegHvAfk4yb5DNsPPTSrPWSoA2KtWoV
HV4915-100_3-Photoroom,1aum0CjH7wWfcEPHfHOU82fh89EOUIsdw
400368-05_1-Photoroom,1avxTrsAlDhZu-gqcl-krhZO6p2i06uyg
IC1584_3-Photoroom,1axAsUZz1CSz3FGmgk1U4JA3Xn7O4l4k4
392326-33_1-Photoroom,1b-TEToRFUQfZVGQvg0dV0qVPXhqBIh2d
748SFA0087-6H3_1-Photoroom,1b5drAI8umgCDL5OGIEbsxncUr_6k6pWJ
IH6007_1,1b6aHzWL52XfSnij-m5eXRWv8PJRIO3Ww
HA1236_1-Photoroom,1b6xpS-Ypi8CmRK1wfuZnImL8SdDVkXJu
FJ7791-402_3-Photoroom,1b77fz4HC6Q8iuTPBfgiOar0qgpuep42G
1377374-001_3-Photoroom,1bAf9LT3F01pcVCKC7KOzjYP6IkyY8K-7
IF2624-006_3-Photoroom,1bBHVSzaP7CqGo-O2qtIyLSSS1zl1hEH8
FZ2138-114_1-Photoroom,1bBKP5PbZpV_Rfprlq07GVp0XvnSfYbLy
1377374-001_1-Photoroom,1bCoK7QMt838SmRVUXQo7998ydYJ5L7fd
N0003570960OS_1-Photoroom,1bOwut9SrGthC0GkVifGhMIpqeYWOrxKg
IH5073-006_2-Photoroom,1bPUqSteFXJVDOdwG_bcMx-d1Y1UWNhbZ
3025527-405_2-Photoroom,1bQtXMWxPAQPMECawmZUQjEWH7XqYPUbu
GW7085_1,1bQvnxBmc05Q_8MjS8SNv2j5AWgi9WMGu
GW7083_1,1bTkNGmKH3Xf9GRlurU01GQkokgtnFUur
1306443-035_2-Photoroom,1b_ZhrdheaN2o6qhBlzvOyL96VaPgHtzI
HR9831_2-Photoroom,1bhTCcXGmbpLPhsp6U6nXVrPdklNNuDIJ
B75806_4,1bix_1DwqsiDXjaCO0-P5HK7Nv9T2Qyma
HQ1967-100_1-Photoroom,1bkkF7Pd24oVRVxCliLofyeiKOHJKrbWf
FQ7327-001_1-Photoroom,1bpmOvX0V3NVgnVl-WiDRZsxVZfvJ5udu
IE5836_3,1bw4vAIJs8BSehdaO_w8WzsXOxIMlKCO-
AQ1774-101_2-Photoroom,1c8E9A52cdpjFtkezko-dO5BR59GBcerq
DQ8426-092_3-Photoroom,1c9jnCxsOuI12lqLPxUbT_BCerYhfc6cm
JI4851_2,1cD7U82l3I7Xl-V-OrF33WSKVuPcslQBk
HQ1657-106_2-Photoroom,1cDC2VQ59lhvGF5KzB4r9lwyBZijmBCGa
IH7830_2,1cHY2qu753mnhvh5JEWhkBkQmAN4wxG0A
IH6007_3,1cJ_Vbm770BUVvTdUl9c71nz4qlK8cadM
HC9181_2-Photoroom,1cMEEAkUeTii_1CAYAZw7-1mkKSwmU6sk
IF2620-600_3-Photoroom,1cU3bE3Biw1H5sEVEB3e9EA8LkDi7TosO
GX6394_3,1cWY0bcyUqQT2PBhGzpgX3kVPo870cGKc
ID1371_3,1cXB9Uc05VZG4ErISCKkuYU5fABExktVz
3028409-106_1-Photoroom,1cfjBtP8TMOuEhb4Ua0-qkbWGPRxjL3PY
400368-04_1-Photoroom,1ciWJZc3E3W5Vf38pHsNiyeC1HL4dIFM1
JQ8219_2,1ckQZulP7u2uZyZjCWemB6QnBLkKo8ZxJ
1329581-004_2-Photoroom,1cl2MN3-o9cDyZNSLfodSbazMZS_1pyVm
749SMA0007-18C_2-Photoroom,1cn7hmJjYlMs4mw0QaIM20DobIjivU2e_
3028345-004_2-Photoroom,1cqx2-aurAv7B3wipNLymdcqNFyqqGBMx
HQ2091-106_2-Photoroom,1csbR01C6iZAkm_9ykCTG2bv5vkSEt5aN
IE5836_2,1cuYR_4lKWEplkdwlIV1FtUF68AKZUSzk
FJ2530-102_2-Photoroom,1cub9LSDL6bUDzZCjAyzl1_d4v_VmQxeE
FN4322-006_1-Photoroom,1cvM_c2Wp23xVVQYQIkSWjjpGOT9GW9-D
JI1349_1,1dInxqbBF0GITOJsE1GkyI9yXXyHsq9YY
3024883-100_3-Photoroom,1dKql5qzREo-XmXp0ib46dWSvBahql37G
FZ5630-102_3-Photoroom,1dNGhnUimzjFXDiUqCzDMKg1AkFU9rT0n
748SFA0087-AJ8_3-Photoroom,1dSASFaCofWiLtDmx4yfjxvu3zxDe9Byz
402617-02_2-Photoroom,1dV-tfNFjREoTmxQrT3lsEB7L1Gk4M1l_
JI2755_2,1dVtkUMJNP_sWg8wjXwGQjfVuk8iK88rf
HF3141-400_3-Photoroom,1dY9STqmxQvDL1qgrJjv6TQlj_ghVFc25
JI1132_2-Photoroom,1dYySlz4TYOkadFOdv3bqiTsFPPZIifuj
H36569_2-Photoroom,1d_NfZkS94sLHgMrMYSiBBeRvoZ7zJtT2
748SMA0031-042_1-Photoroom,1dfvWCopmGp21J1jdKfsoRXGOmDKBXwlN
FQ8449-600_3-Photoroom,1dlOyqs6Uxj1OPYk7Jxnfm5hrrk3zYPUU
JI2755_3,1dljz6D6SW1OUae8kYVyp31JlmZn2WgDw
IH4382-200_2-Photoroom,1doRTbHRYh9QJlee888QOUwr2utD0x3-j
B75807_4,1dpBd1rJcIk5jOW3WzSeqGY7cIHuNKP3n
749SMA0007-18C_3-Photoroom,1dqspZ0vbgIA-qL4Y_6NL4ybEV_f-truT
IH5073-006_3-Photoroom,1dwfWw_8qRlh0JiYme-kPevlUKNrIPDzh
IH0156_2,1e-gsXFQfhckNfS3nJRL7NnM5TAbQjsNR
EG4958_2,1e6UP-d4ifrP7PlSwvDWaxABEeyXuXuz1
HM9431-100_3-Photoroom,1eAR5eEyE2V_jeWSbKmP4aBTHvoYGJg3Y
748SMA0064-8F7_3-Photoroom,1eFfEfguv-h2xU4B5As3gV24gr1XMq6ie
FD0320-133_1-Photoroom,1eFsQd9ShafrIJ2j-ifzKYCv6KDvKdmTo
JH7988_1,1eTLNlOWm_bOTNVzKYQXt0et_mIKU7mk0
DV0990-111_3-Photoroom,1eTd-7vGIOgS6eOu83TcNRNiXsImXIKZE
GX6394_2,1eYGhKm4a_B794p8kSUzxHZZHAi5EMNDK
553558-044_2-Photoroom,1eZnv9eRqncSj2g3inxT_dGEvPD9YBv1N
GP0148_3-Photoroom,1eeqdca9IsGHdsxzZ5_FjgG22xmK976oR
FB9933-102_1-Photoroom,1eiNUZYbdvzY4XBMvqFPY0Ooe3hl4lAd8
HQ1657-105_2-Photoroom,1ekh77ds_TMfti_NkDQKOLlYgKkAKijbN
JP9678_2,1elSoeWRSIqUW9YzKwpW23fgTrWkpNlIN
FQ1759-008_2-Photoroom,1ew1sSYgzBO6ijeI3V8k1g63YRt7nm0Ki
402665-01_3-Photoroom,1f6oAaW6cm0jtc1ohreUEgL6iJRxOJuyv
DR19-M-02-01_1-Photoroom,1fAuRXCBWhK96zBy118ie5HhVCzHYEWzP
FQ8449-600_1-Photoroom,1fFRloaOOS4Sya6iLfPFOtcX0jYwpTSsn
432997-128_1-Photoroom,1fFsMmeVEv4jMcxH2OinPehWdRVuLHROz
IH5084-219_3-Photoroom,1fKuWbdVDoVN9FQ2qR_NHw9Yp_jHHSfhp
ID1371_4,1fVCZqXyIPMx-mp3I__xkEKFqDMOG4p2R
GN2993_1-Photoroom,1fWwts6IB02VUmXMivYI5ikCRHul16cJs
1369815-390_2-Photoroom,1fmsPqUKarkaxSbZ7u88u8Jy9XmUYC-ok
520185-01_3-Photoroom,1fotbaepkxX7BZ82IzhCJxoxL2Nl9MRRx
HF2016-100_1-Photoroom,1fpp-0AOmfKQlx9199sXvbajJBqm94m6Q
400497-09_1,1ftEB6jb3NMpOJCpio2IZLTc7oEQlsrYM
IH7832_2,1fyF7DlkVhdimN5f26YuxHXsBXuTpdUfe
748SMA0062-OW9_1-Photoroom,1g5Kc7xeIM0sRZZTGWsnX6oIzQNtcXwMt
392326-20_2-Photoroom,1gDGGxxS4fRvIISpNlWm5vUACrhF-4-bx
GZ2446_3,1gGJ3Jadr5WJgDUeWWxLwKiyiejc9tYQX
IC1584_2-Photoroom,1gHmzSwJ4EOxg8uZDY8H1GwA3jkgK_356
DM4044-111_1-Photoroom,1gIU1Yr64PAdjFAFZsMFQLfaMlYN3z2Gc
JI1349_4,1gNulV4et1dR4jioXIKZ21Fl4XZlP2Khu
FQ7860-003_2,1gSMfqKI-loSXcGYgFrSddHDrzn7aJiRl
IF1745-400_3-Photoroom,1gTO_kN9AG4nucFIu95vSxJy6t3hEPMkM
HQ0013-600_1-Photoroom,1gVlkuoWxzsa7c8M3Oh8lxjVAnsxfyTeR
IF0668-002_1-Photoroom,1gaGe0q6NKGvZ4Kx3R61y0elHt9J5DMjP
586748-06_2-Photoroom,1gaqBF782Ko8FHUc6cQLLNTLU5elcFPDj
1329581-035_2-Photoroom,1goDjzqv4FpMWQ9kLwXMy-DG9uEZslTVY
HQ1979-001_2-Photoroom,1gq-CZhPnOxRAuzQH2YAwO47IXe9Xla0n
HC9181_1-Photoroom,1gqfAdCtvy7VUKnMgH5kBoWk_MXCphiwg
GY3581_2,1grl_7CZw1F0YnyxI9IiY0g6LZUQLERpJ
HQ2139-700_1-Photoroom,1gw8IAS804fCm1RHzbqZYlTi0E83xh234
HD7060_2,1h4OVG8LabwYibE2eRsLWYgAFK7cmh99f
HJ4465-200_3-Photoroom,1hBddM8cE-mU7vGLjiiPVcrPtufiGtKJv
IB8052-100_3-Photoroom,1hBkzDW88JhMGvosjGaDZeenR4dAN7Vsc
JI4922_2,1hF5gruzlpbjsY0LC4RF9REIWPskOdslt
IF2624-006_2-Photoroom,1hLfI95s_N3S24Wsaa7DAk_hCGWVqDjD5
3026582-200_2-Photoroom,1hZ3F_XqZpeMup64LkvkBjqywz2Y7mgKX
3026179-001_2-Photoroom,1h_s76l4Za_Br0Y_iXWsHohra-2mN6jhj
HM4975_1-Photoroom,1hdqu0SbG4_WndKNd0QXFvJOYeE8NuU2X
400368-03_2-Photoroom,1he5hzBIHTXe-8XoAxE4tWXnkLl_wuy5y
IB2253-001_3-Photoroom,1hh9CgkGcFJXPuz_n3vYe3O-2oJMospnu
JI2060_4,1hjMb4NgDl_w5qaRNQ9mQlW0k9n3uXJxb
ID3712_1,1hmUewAIbK1hcCE908p1gReuUOkqijDPT
GZ9652_1,1hn7xwfE-d7c-aHhdFrIZ7GUgrJx8Ww3Q
DV1238-107_1-Photoroom,1hnekAwheoVtRrXCN9MjfIPSaJ4Ik5O2q
GW6869_2,1hte6tmPX6C8iATHBNVJ2y-M_yfJXSIme
FZ5630-001_1-Photoroom,1i10fhVIOMWU0r99CIxEh5IOWiHf7khVk
397262-01_1,1i1IVz53_fb4cVebZnFI7eEdcpBPmXv3V
ID0478_2,1i3viaHN2rPQY4nVoSGClDMakJ1XjuNou
402617-02_3-Photoroom,1i7AW185Md9hM1ODyCnJGACXTRuiZRJDs
HP7750_1,1i8jx8fLo517ggqGRB2PPHg9rVWIWHGxG
AW04-W-01-14_2-Photoroom,1iDlOcoolLflQvttVsTQ1MF23dlyoiu7k
HR1391_2,1iI1IoGXWrEoCrnYqmTHYSo4Y7SjXMeFq
FN4322-005_3-Photoroom,1iT5AThvS1wo_KJRZJg8bqy6AoSOjOCAk
JI2755_4,1ibCXF9hijVfkP_cqJ8pZCyeXpnBF2svQ
HQ6912_1,1ibwdCawMqt8jHSWeXMphI5f_-34O7tO3
400196-10_1-Photoroom,1ihjOTn17SOjtYLPPfVbogL0ICfiymtsJ
GP0152_4-Photoroom,1ij84TgV72srZTzKxJXWFGe3dBZ8511aM
ID7056_2,1io8LHXDGCKK2FG5Cnif0IsfEDAgxqrTr
748SMA0002-081_1-Photoroom,1ito1YEVgpcn2RFPCvOEQDvQ8ZeTfxc2S
JQ8219_1,1iwEEinzYCxj_wlKL6w7Qvr8vaMxSLKSE
1376700-410_2-Photoroom,1iwwm1xzh1BagiCkMHTaTUcbed14loYbh
FD4328-109_1-Photoroom,1ix6L2Rk2tQsmacVDh93ErTRWxC9kPSlJ
JI3455_2-Photoroom,1izMDmaCbgANwnKY7dkp9DFOrMEBNcY8A
II7398-100_3-Photoroom,1j-_hpx8oFf5gRT07Clr_LZ6n1MiyAuTc
JI2755_1,1j8GBeadJ35j_6gS0r2mI8EKyCtawo4WZ
FJ7791-402_1-Photoroom,1jAlToKedjwVzLKQkDO5xMXJiQgPZikTw
379538-01_1-Photoroom,1jAvL6z1j-KaRww8gfz93KjRAJGeoWBYZ
AQ1774-102_2-Photoroom,1jIoY_ZRS01Up1IoVExx8Bm8BT2e9hcn1
HQ1657-001_3-Photoroom,1jJcz8i4syAOnj3xyowTMlMHqpW1jSNTN
EF4838_1,1jNhniZY0_IXBoSqaqrvQ6N16ExfGoT4g
FV5285-401_1-Photoroom,1jQvltsBY1f7plpyKC2xf0YIQwYf-P2tO
749SMA0010-2R2_1-Photoroom,1jSkXjyUNiARo8xDaEva1UHIzoudo8Bjh
1369815-390_1-Photoroom,1jUM6OUKdJqXu5ikN28kemN95m1TbaZyr
HP9426_2,1jWr2-fN88oYCar4QC5zBj0Vur3o2Aybf
DC0774-109_2-Photoroom,1jX_-UE1h2Nx11AsNN-HvNowZFFTI6Cwv
HM4084_3-Photoroom,1jZPBzo1IXIDftPArE3uJ-_-tL6jz8s0l
DQ8426-061_1-Photoroom,1jnhG-_mS9STXp-NELhQnTupRfhK8yvMU
HF3053-012_2-Photoroom,1joOpvO-o1VJegptkhnaHTxoekLsLNLlL
AW03-M-01-06_3-Photoroom,1jq-kuc9zrSBSgGrWut77RpHLe2HsmYEQ
FQ7939-110_2-Photoroom,1jsLJYisHtC404qy7o5WVsIPlAUBi43o8
401622-08_3-Photoroom,1jsMNlKjwckhe7ABrVAPAFOQawjqntxER
392328-37_1-Photoroom,1jvaM4rntgWY0_IQkwPXkuonuMPWhjVsA
HT5027_1-Photoroom,1k0S4N5ppSmF-Ru7AIvtUqV6LmTxwwQXS
AW03-M-01-05_2-Photoroom,1k1mEsZnFahpdwvfBNnNFnHpVkItp2Yqt
ID8760_1,1k3o-M0u7-A5k69xlhygMGAgI5ArrCd3V
748SFA0066-G1N_3-Photoroom,1kBDceN6yG2Ab4r_SQ3oC6GNiql4UBAXN
1382582-025_2-Photoroom,1kDSaZXRYq_w30eNcAGGVcic79gg1k-sx
FV5285-401_2-Photoroom,1kHvjsqmxVlVvo1S6WRL-Hv1Z4yzRFZqa
DQ8426-100_1-Photoroom,1kLsxyoYiMddlYsre8wcOBcZLfBljaAuD
AW03-M-01-06_1-Photoroom,1kRzhFSO8cXhWRdoM2Nm5_6bHPd1adrMd
JH6724_4,1kffduEMDtGXRdSO8WVWH5qOkajjsluAs
AQ1774-101_3-Photoroom,1kqqnmhxJakDkRQE4QKr-hYgl1FxbfHMl
FB9933-102_2-Photoroom,1kz28EbHW8ZR504jhSDM2-HMp3h9LAZl_
AW04-M-01-16_1-Photoroom,1l185Vl5uVNxQddk1nx5LNgx83ninACBz
HQ2091-100_2-Photoroom,1l8oxUct2jztF5vsvd3rQgkOuAw3RQAzw
ID8760_2,1l9D_7fQODX33ugCSwiVEYxDthnZfeSW0
IB6716-100_2-Photoroom,1l9QeZ4LByzJ8Zij20eY93Y7aKprWlrLs
GY9044_3,1lHKrtu_-GhpjvHWj0kYgt5VeR64_bKNJ
ID3711_2,1lI9QHA0V6IpnPbIIfagNEfMmn0F1ReBj
JQ6139_4,1lKBN7RxvQMZRbrYRVWDUto8DyATvXl3m
JR6673_1-Photoroom,1lNDjfHoR-hfbTXhaQK4hVX-a4__1Cwd6
GY5701_1,1lPPyUUuCS5zBCS2CEhHsAQjdC0Xa9o0h
749SMA0011-65T_1-Photoroom,1lP_JWh9LN346hujLHpsVWDsXtDF7ExBI
748SMA0062-OW9_3-Photoroom,1lSn8mnn8vDakzGARdc7H2_dEG7vb7Cic
FJ9509-002_1-Photoroom,1l_R-d4IQ2TVJ-ik4y1m8p8FpIsqlOBOm
IF4031_2,1leOChf7gcY3NX-wM-RsoGNXaQl01eIur
HQ1657-106_3-Photoroom,1lgdVfCatwLCvp9e5eUHXjlI9i0H0FlL_
748SMA0064-8F7_1-Photoroom,1likrSzH_iTRGRuoiWmGh3UwpPgY2ohS9
IB8080-133_1-Photoroom,1lkuW8H9fnZgEjK20zkd4ZcUqOYjdLHRn
HV4915-100_2-Photoroom,1lncq0rWROPr0VX77sRkxU7ed6MbJUgHE
IH8298_1-Photoroom,1lrjkVkEsbpmB3A32YKUtDVmXTU4PYyRb
749SMA0011-65T_3-Photoroom,1lsW72hHGUVhWzLVzAyKCD6g10_6zgWCa
DM0029-015_3-Photoroom,1ltYUzkArVMlBmP3wDFlyfGtC2_UkmFQa
HQ2091-106_1-Photoroom,1m07fznynn2hLpKxA-YI-eg1PaWrcO9mE
HQ2091-106_3-Photoroom,1m1v-fIqdaC_yu26LmWd9-SviIA3Pz0un
748SFA0087-AJ8_1-Photoroom,1m4GBL9jK70CuXQ7wOjoI01lympYNL0_p
HR2938_1-Photoroom,1m4cBPVKUyYt3RVluLOCaHYhiidbVIlC-
FZ3863-006_3-Photoroom,1mCdyaJL18l6lTbxHEA64TF1CQNmnQhf1
JH7988_4,1mGOHQwuUd0M3f5lPnPFIEu2kxer7bSSK
1377374-001_2-Photoroom,1mKGT9U04mxzgod1ePdZWlNmwDUnD64k_
HQ1967-100_2-Photoroom,1mLxjndhJa3GiphVZDU5E6IB0-FpBHIiL
FZ5604_1,1mXEvQaI79njSP3dKdWaEbcUZ9bDBOgBm
HK0115_3,1mc2VkOP9h88J_uAaSC5i1K_CxWRGFg9P
JI1350_1,1meE_3z-HXPK1KMp-T0hHprbXvWVqE1AY
432997-128_3-Photoroom,1mehxxddYpV9CFqjce0cjzTYghg37htIZ
HD7060_3,1mhPu0hQYiazXjTL4lxqMgW8amGrRKvql
3028409-106_3-Photoroom,1mt4lJQ63c1MKmG0EDSudIJIy5uhcLzxl
FZ1094-101_3-Photoroom,1muxewN-5ssQ73zccxgTFo8iSmAtHSvhB
IE1377_1,1n64gyqhPAYD7Dr7Z8PhvXTPKRA1rIdnX
3026518-400_1-Photoroom,1n6FcEO44gK-Hbd_nHRlHrTACbNgUZow2
GW2063_1,1n8HSEyq8yNaBKbNoRxKohpc3VS3v40Ez
IE5836_1,1n8x0LFWtGPzSeW_4ONjHYl4Fybp4xeh4
FZ1094-101_1-Photoroom,1nBApfloWKBWe8Ksjf4SI5FXttTR2hoOp
FZ5605_3,1nGMsHCwJA2lxfGeYxirU5_T5ocMhiOHa
HQ1657-105_1-Photoroom,1nOO2eGWsbxlK3UCuFYSoFBac_sQ8TpW8
1383191-002_1-Photoroom,1nPtqbIuabaByX0alvniKri0RX_YbEqyZ
432997-107_1-Photoroom,1nR4zgct_Hd_tL3OoNV174MElCL31hyUO
DR05-M-01-09_2-Photoroom,1nTLIp8E1ORK4eR7b59fn2KHJI1ZbCeej
392326-20_3-Photoroom,1nV42fyN43KTwubHuXAoV_HboNIdgSWE-
IF1661_3,1nWPGaAVFxuIsSWx7qopELBSQvMkNrpBG
402313-15_1-Photoroom,1nYB_N924P8tg6kKnlCl0kq93CrTka4dZ
401622-07_2-Photoroom,1nYem-zLlz8Vr1YRa4ifnBnWWW0JGHefs
520185-01_1-Photoroom,1nZLD6yel8R5K0qXebgwzDX3UK6etTRjr
1381914-001_2-Photoroom,1nbcpyDCJG2ZgAGVg3gztc5twfB3CJoTw
402609-01_2-Photoroom,1neItjUDdFDlVdJ4apDwwfh6uoS7u7f8B
1383195-011_1-Photoroom,1neRb279S1HG0qnz4P0LxCNkulD6_YMDf
IF2624-006_1-Photoroom,1nhvvyn282IufQUn5cPJsM4vaomFf4-Mv
IH3646-499_3-Photoroom,1nkJcmHE5K9CV0-tk5Wx42g2uil8rwfgv
553558-081_1-Photoroom,1nktIykA7_nQcWK2nYhMdx3koHNabm0NS
IH3080_3,1npqIoC6DQ-Lg2Vt64QAhLpb1Ag4TeKqg
3027005-001_2-Photoroom,1nrPCy1BLlBw6cvD7whoJQuvczAnn4rjr
JH8586_3,1o0OpwWrSHYl0fIJO1A5R5aQil7xi3VVH
DR05-M-32-01_1-Photoroom,1o3BB9Bv9Rd43mvuHl1n-ww0tPmG7aOms
400731-09_3-Photoroom,1o5s0z20yrAADB9zbNfFeWW5nQP4gBk0e
748SMA0052-092_1-Photoroom,1oAM1vWrdvSMQ8OAYclsNWjHXVvHvr9C0
748SMA0031-042_2-Photoroom,1oCNbANaW5asMFgv2Cf4gfaiaOZqbU1l_
402665-01_1-Photoroom,1oE4XRe65jPtPWBXEI2z58vPPfO8SYYVV
JQ5301_1,1oJr7lQeHNOUtz3Yipl4t9aPtQw3DIama
HF2016-100_2-Photoroom,1oS5-5VCRzj9ZxEdNZhY_jzNU4qhzZFeX
IF2621-007_3-Photoroom,1oSgtiuj_0eKti-yfc9244k-nKwQZoq6l
FZ6199_2,1ofJtQtW53jUtJI4iaiuNBwhnzWMOzrfx
IF1745-400_1-Photoroom,1ofkzkCjwFUPvEkf8_9n-mYDCkR0Gkjve
IF4565_2-Photoroom,1ogvZ0ahgSVpnjI5kx9Sev0SN8k3kF-C6
IH6007_2,1op-8tQJtYaJxzjTvc3mRRvh_6vFQ7zO4
604133-050_3-Photoroom,1oqyu6rcrUs_bmbP5iCWCd9l74tUCxLxb
JI1349_3,1orZzEJm39a_KGIVE8UwcsmEem37cr6r9
HF1233-200_3-Photoroom,1pCXjpWHW6B_jK8Y8D9PDq5FKsUM_-K_W
FN4322-005_2-Photoroom,1pFGlgTdAbMEWSVVLFIPKPXWqfh_ae_qI
HF1233-107_3-Photoroom,1pHvzxpO5ROE4a0Yr5wbruT8_VeUYld7-
DR19-W-01-55_3-Photoroom,1pJ1wMQfqPeTX48GIE6nQrOfnDCp7cAox
HC4463_1,1pNpJ0HL3FVlXVJysTgQoPxcYFhILS60D
GZ2446_2,1pPXfokAtu7ReAXvSMhDkKHito9RHcJ1h
1381914-001_1-Photoroom,1pUkqn3_jUiTuoPwNTBaY7p-f9fUlKyxw
3027005-100_3-Photoroom,1pWz5IuzrneAUunyzdS_FwNqVKtUbvpGQ
JP5610_1,1pZwh_RxL0_lHuu8unGpiHnOPC0-J2Wu9
3026582-200_1-Photoroom,1pjKlW5TPpXIwQCuAUnSqII85NPKQ9bJ7
FQ7720-103_3-Photoroom,1pokoZX4Zig8kWXIVs4n6icEPIgUt15_m
FZ3334-100_1-Photoroom,1ptcefpFEI76bRoL-qop_BSajO-ZioVq6
JP5610_4,1pv9zD_OFBPvoYkVOCX6oGJbJ90R219oM
EF4838_3,1pzH6Cy223LgsL0VIwaWpo6sE28d-oo36
IF6553_1-Photoroom,1q41JRzQ3pfxc3jxblK3Uh0Ri3OwbrtR5
HF4546_1-Photoroom,1q6lXjgJm4Esr2DbBZFrzQzzuaIvXHzt4
748SMA0068-5A6_1-Photoroom,1q7hLqtjqXV_4LiORZOHLjXnUPxDrfNwY
749SMA0007-3E6_3-Photoroom,1q8FgXvlqBhiebUs8ayGFpl8d0Y6SjG9v
DR05-W-01-02_2-Photoroom,1qEDdmwyvSaR4ombPwWYZnwEnKIqctX3k
JP5610_2,1qEToA7Otrn2W2f3U_MzI1PCQfVrDrV-5
AW04-W-01-14_1-Photoroom,1qIjGNncYT88zJErn3tmxv-Z4nWVRbStn
IB6399-600_2-Photoroom,1qKUvfu_PkaXfXgIXvn5p3hoU7NTTuyVx
HQ1918-200_2-Photoroom,1qM_vdU29LkIrrqqajHu9rCYo0M1VkCUM
HE1753_3-Photoroom,1qPXFweHAUSvergmujhw2jSy8ikBWtnHB
JQ5126_1,1qQM6ePaFROpQs-HmFaRnZDz0L0oWBRer
FZ1094-101_2-Photoroom,1qWTmCZpUwmulBSXYh-JN9zQSdWVKYOVo
JI2062_2,1qhUI4R7fMnHBWdOvSKU3w0ITobTJw9Zp
FJ2530-102_3-Photoroom,1qvKwP-wmF9dSuEy77cBlorEN0T5ARoKF
HQ2851-400_2-Photoroom,1qvy45bwmSSWSQoLXzJRenKzEzoMcbkLJ
FV6519-200_1-Photoroom,1qxCzTqHddWhGgIcxkDoT7pAPfZEeia4c
749SMA0007-02H_3-Photoroom,1qzNIuHpB2FNPMK8KkHtDVHEPXtO4GKYp
B75806_1,1r1NKkio2gy29VFWT1MtCbB_BcHQhwYuZ
AW06-W-01-08_3-Photoroom,1r2I5WHUpL9OGISG-nqvbLj3IsowXypif
JI2307_1,1r7fTEB3ONT9Gnxos-4-6NLcYIwddq3II
DR05-M-32-01_2-Photoroom,1r8Lv6yp2TlWmCs3VeDkIwMjTFhospH75
GW6869_1,1r8sO62QEs-f3hs9yPsUgOzocrdXizimM
GY5700_2,1r9gvqesZI5mwW3zNYp1Br-IHc89Hoc_C
HR5760_3-Photoroom,1rBQZjncOe1KjoX4E7NucS-ZA4Sr2n-sZ
3028512-600_3-Photoroom,1rDtoUVOLJAbndqWUVu59I8M63GPQtDKb
GW7085_3,1rHTS1Kx2TYdZ6QKgtNbf2bzYZ4HGv8Vw
IH9995_1,1rJR6C136_aucf5BYfw7hwo8sMI5o0YxD
1365336-019_2-Photoroom,1rNequtlyKyMbwR1cABtNO3Xgs0BpQhY6
749SMA0020-2G9_3-Photoroom,1rOkT_47aDY9cOR2eC0dqvRG8o7hljwEI
748SMA0002-081_3-Photoroom,1rTUiaarL3TwlVRULv1xAO3M3PopnOUv9
IH3080_2,1rVTr2zVa5C6JvV2MCgYIzHK9aiEv-PL3
392326-20_1-Photoroom,1rVvq6-G2rohj8ezVmeXJR132bP5b6AyH
DF08-M-50-02_3-Photoroom,1rWD-t0J6Faq0qg32pl7h9B-6iiPWXLCm
400368-03_3-Photoroom,1rWwimjhmTqWhHc4o2sEYLCxJRU8irgpg
397262-02_2,1rYxxki7YjU1QTxoUi39ZIvBC45XCEZcA
IF4565_3-Photoroom,1r_RzC3Uh2kKigqPYqZV_JC9zeBotKKwg
FZ3055-200_3-Photoroom,1rdIUQTQkJyz9GAwPZxTWTRx0q3qQ5P2y
1383191-100_3-Photoroom,1rdViA5B7wKBIoCN8ZR9vi4BcF4_SDCGo
FJ1674-002_2-Photoroom,1rgcKRm1xGzczBzKOAoafzproWLErdvOv
FZ5630-101_3-Photoroom,1rhrV2ZSZ4YrEVbc6YRwYbVae4dRrZGt2
IH5073-006_1-Photoroom,1rr0WMiN_nrw6qie6ctYXcsnycFUgObP3
748SFA0088-255_3-Photoroom,1ryem4wJOe51i4tdKaKQSy8fu7SJviZLy
IC4979_1-Photoroom,1s-SCrSL0j07l4UzKsl5NWYGIusxlT1F3
JI4851_3,1s53YzzfVPMILzpJK-VV7jspcUvlYDAmg
FJ3145-100_3-Photoroom,1s6xuqqId8iKewRjDLd1Nq25MDUXqfkbN
HQ6862_3,1sChzZOfI6HWktBRkmbJ4cIb2orTDrEW8
HQ2091-100_1-Photoroom,1sIdiAn6togCklusMMVuZWS1YUErkA-gI
IH9995_3,1sK9__EYoBzt627FH30GVeRYBY4r5uR_u
JQ2531_2,1sMmRZrpehLnNIxGlC7vLtsNMOVil1-Bu
HM4084_2-Photoroom,1sRXhymbvAlNps8EVhP3br3ys92wuP_47
FZ3863-010_1-Photoroom,1sYZ6mYkuKC3BfFUmrAenQOXBIpEZ5Bp6
JP7104_3-Photoroom,1sgOfokxjMZe4sdtfc-gBVdfrKRpG3aRa
402592-07_3-Photoroom,1sme4fIdWTXEsZVxOcY1-iybF2NJZvTq6
IH8298_3-Photoroom,1spWuI-HvjcU0we1mZq0TYdr9Z5uRb5JB
3026179-001_3-Photoroom,1szdDz6LDNlcSvG8kg-7RLBggnqGGegd0
DR05-W-05-01_1-Photoroom,1t63VfHWBkYW01yUZreaM7CelCax_Dj2d
JQ2531_3,1tBVmPiqz-SDJSyEpSCfg5yHJXqdukNV0
1386879-011_3-Photoroom,1tH-pP1ZODWhPBVkY9_oKhhNZMRs7I2_C
748SFA0087-6H3_3-Photoroom,1tLw3XRbww48UK7Usnq4K1RoHjElfiXFJ
HF2793-600_2-Photoroom,1tMbIZJ-vtjoGqDH2UI04KAPXCWXFd0zZ
IC1277_2-Photoroom,1tO-WelCtWiKp_xFhoReCmOhx2ukr_dou
IH7832_3,1tQ378q-bqIcNua-U6sdC1WfWbvXO4vkH
JI3217_3,1tR-iZD0kV2bEaNLUzaDa8lEn-2-CAO9o
FQ7939-110_1-Photoroom,1tS5MGGj8cQ_MHyWEK2VpkTBqhbZithQ4
HD7060_1,1tUIq2MN107oddBklZ7reNhMTslBR0N1y
748SMA0062-OW9_2-Photoroom,1tYf9z2UQ4d8td6W04oYurEJGR1HgoS0s
748SMA0052-092_2-Photoroom,1tYrQhcsx0TXdvNogOTTxVfVj28kpMB3o
402830-02_2-Photoroom,1t_YuILyydoozwjr8uPmDPFXWS_s9cVEs
1383302-100_1-Photoroom,1te5LBod2pHW_7TC51ku43thpt_SuCDlx
3026175-400_1-Photoroom,1tjOfCpFSswYhK87AxJiIaEb9AJeiF5FD
749SMA0020-2G9_2-Photoroom,1tpdjTKCh2PhghaZYpnjWzrXQBneX2ScR
HF3053-012_1-Photoroom,1trcjzKDwgu6Bh2mXJQIizZZwGBfBpJ9r
IC4979_3-Photoroom,1ts2SQojnEG2UnOIwcRh1HeV0UxLK-1Hm
3026520-003_1-Photoroom,1ty4DnNEmt-roBe3C10M6B5tsusktQtPe
GY5434_1,1tyDOM25P84HcJPv7jBNmyjkGyTLbBPaz
FD4328-109_3-Photoroom,1tyqd0dZBH7WjmgfQEACoVlL365b981QF
748SFA0018-312_3-Photoroom,1u-lw58H0A6jm6prC3Xz1VS8LUGkc6WJT
IC3631_2-Photoroom,1u1L9ai9HYVgmTm5rDqbDKGmdCrF6ZQ7R
IF4033_1,1uQw2Iz6H6Ep58m59YMjg_IuOeOTkYthn
DQ8426-061_3-Photoroom,1uR6EEV51t0dVWHFjNZovM5t2BJuxusBW
HC4463_2,1ueUcaVB6SWxzMX1LXWm2gOA8JYjnL_MO
JR6673_2-Photoroom,1ueqknXVO5mevGAfhglniqU0_SRIy6BrB
748SFA0046-21G_2-Photoroom,1ug36UmnxbobSvQOwuUumsp1KyiobTkQS
IH3646-499_1-Photoroom,1umk1LgHAwa29py3yRWl7bfPLeGcI__Of
553558-044_3-Photoroom,1untvSzZjUjF6Nns_M6DX3q-L2OSfAFRi
FV5524-003_2-Photoroom,1ut5WE6RbQRJn-foP7vmJL85BIG4dEWz-
400368-04_3-Photoroom,1uuLlDntypmDS-yiUrJ1ZCEV2e-N9LHHP
FJ7126-605_2-Photoroom,1uyDtkw_qhEbtYghWwvmNJfN0TGENiVfm
AQ1774-102_3-Photoroom,1v5528_vppHm2C8STPERITFNiCYsipxWv
1369815-390_3-Photoroom,1v7pubszMwEly1T2jh38MoETdEMOhyMcV
HR3772_3-Photoroom,1v8HTiDsKLZo9v68tW6EQ4nFDUX5BBI01
FQ1759-008_1-Photoroom,1v9sUyY42CEMQ9xPBGiUNrYEgca81H_XG
HJ4465-200_2-Photoroom,1vBuF47Y_HROUSt51rZMpPVlmEouQYEnf
BQ6472-162_2-Photoroom,1vGnkMURys_kJyGsKNlRB7HHcJZS5dcEe
IF0668-002_2-Photoroom,1vI9dF2e-U_yn-JiMfnu9azI-IzyRXJF7
HF9415-001_3-Photoroom,1vIgENOFxJEH6x0JHtK9QSOZI_4o7XKuZ
FZ3863-006_1-Photoroom,1vO8Qr5jdtKlT243S-zbhTOrFGmvbXmkg
JI2062_3,1vTMPYQuj5AgYWNOEQ_S83dR1zeJ5XNWo
HD9533_3,1vYCeY1f2kGdEhwQ1H4oaMMwoFMJVUZvd
IE1377_4,1v_ptCuvZOGjGWEmG0MbJt9GmCIhlD5Ph
HF3141-400_1-Photoroom,1ve0QyE7pXO9K4hE7_SD9wQiwUvzSm71v
402609-01_3-Photoroom,1vklbUwInxTqhJHGkgyh68FSJT4-d275f
GL5412_2-Photoroom,1vmeQhofX_skERPKaQToBQMPwrJ4KdiJ8
748SFA0046-21G_1-Photoroom,1vmpoXz-x98n1MIhN6-bVrnHFKg3CP3Lf
FQ7860-003_1,1vn9q1536H3Xz4CgA2LihAqaIEl3qoBmd
IB4921_2-Photoroom,1vpyvIuidR5hTpaf88BzOF0blGlYDIEhG
AW04-M-12-06_1-Photoroom,1vqjVlkVEhOlSRgygTAIfGuEXvtneYFPu
400368-04_2-Photoroom,1vs9UZG-wOn5NsTuSlyFErmBfZiTjxhib
FZ3334-100_3-Photoroom,1vxc0yOg6pKP6r-bpd2mnwqcId_OFix9m
IH3080_4,1vxlOueE4iq0Bx86bU-onLM8JOZn6suyi
3028409-106_2-Photoroom,1vzxIxMUZGVLKI_Wh7wQNceu7lU93hG7u
HQ2091-100_3-Photoroom,1w2aS_6jHcUM5zcYWN1UCpcDppmxabzIq
1386879-011_1-Photoroom,1w3uz8Lm2dA6nqscxVISWAPIOVmNbxXdG
HA1235_3-Photoroom,1w4waxgCznFGFrhQiHtSX4HbigawPQ6aO
FQ7720-103_2-Photoroom,1wFvUjDoJ4Va83O4w_cGbk1ok2S-JJfYw
553558-081_3-Photoroom,1wI7__9Gosxw5pBICIpXT_9aclEF2JcYt
379495-10_1-Photoroom,1wSjd5VMpQcwmlDzofL4ew7J0JA45UM8s
3028513-102_2-Photoroom,1wTtYFVFMVKlsWphEggkXX2UtR2uw8XGJ
FV5285-006_2-Photoroom,1wYtDeXzclPaL27NSazWzl05FEf2fawiE
HD6792_1-Photoroom,1w_-9LOP3UKXD9G8ojSoOpI4NiQ2BDg-b
IF2620-600_1-Photoroom,1weM0kiphogb06ptQL4RQToTdr5nfdKDV
748SFA0046-312_3-Photoroom,1wzwl64JMQUYtfexMXRu3yxSJRQ_BINrh
EF4842_3,1x1BYqTzpS_VegZVIn_22r2D_1tmGmGk5
imagenes,1x2W6RfEUs5tRjCSAvycpjmLCSueCuNsU
FQ1759-008_3-Photoroom,1x2x1FF-vxLrj5MCtftZPowJGGJ3ggv6S
3027005-500_3-Photoroom,1x41PaK4SWyuXd1yIPqD4SsWH0Ah7kXIG
GW8511_2,1x6OLxzW0Qe5aggGWP5gPbW8WiqRWfX72
FJ3145-003_1-Photoroom,1x8AkT3IusXnJff5vxRviXiJ3qmPywGsy
HR3772_1-Photoroom,1xDs2fu-i5OcEEVurQFqLkDLGBIvQagqX
GY9044_1,1xHt4pEtyVMIUnIy0h3CW5Ndyys9RYr23
FQ7939-110_2-Photoroom,1xKXQ1x0NpN3n0kRRB0gBhEdaMMhy7Kff
HQ1657-106_1-Photoroom,1xMpoH7YvaTRyCGT5PxIxNv17cRF0jMzg
GY5700_3,1xR5w3FkKrGaIMSUlu2cx3UC-vKdwgtCP
400267-05_1-Photoroom,1xVMW3vf1QIsbUQQ6_65CUEzM9kI0mq9s
748SFA0087-6H3_2-Photoroom,1xXq6rXH5JLFuzI_VsIqhFK-z8M22fX-C
HF5531-500_3-Photoroom,1xaKlchs22FiBr9cA7BTYzjdQb0u5LtEk
749SMA0007-02H_1-Photoroom,1xb_HQZfkhuzQc1n4b9gTXJkMYsYWiyxc
IB6543-100_2-Photoroom,1xb_j-EFWRraGkCID_72CsLXHgUkXg-HA
1383191-002_2-Photoroom,1xdZl8wVnD-pHIG1fqnfBlXU2UYIPTV88
1382582-001_1-Photoroom,1xlsRdKITM8f4EvtBS76Fx6aOC3KN8YPn
JP9678_3,1xor_cRVz6C5kKxme2_087YtabJatxNCZ
FV6519-200_2-Photoroom,1xy0bM6HrGwjHYQ0E_7L8eQK-IMtD9FJO
HP7750_2,1xznWef8SOm6a46bILLcNGZqyn25HijOn
IH3080_1,1y2lufsG06Ix3qvhrbMIQ3ln4S63YNXA-
748SFA0088-255_1-Photoroom,1y3cFjJIu9kWZ1DYlsTCMEUMAktYujA11
HF3141-200_3-Photoroom,1y4FWTnoKiMt4WC9jJDW2qR-5_umTAWvf
HM4975_2-Photoroom,1yCt2SjtdvKtXnE2VSRJ2IUdC6i_oUNtT
JI3455_1-Photoroom,1yM-JzdPem0kxwWKkOjakGzz9fGq3kLIj
3026179-001_1-Photoroom,1yMWLAVo_pQW67zXI-Edh_79PiIgs6sTB
397262-02_3,1yR0D3wAlc0yIlvSc1FarYx5mmiEg2cg0
402635-02_3-Photoroom,1yRAZswlzBB2jo4W42gTVFRysjwSrvW_4
IH4382-200_1-Photoroom,1yRhV8Fy_kh-EdNuniW8q5KFSpPKm6fdl
FV6343-602_3-Photoroom,1yRtLADi-nbGDt84ZEQ8wLhYf6uN8-tA5
DR19-M-01-07_2-Photoroom,1yTdZhfiXxPdqOBlTtfkv7W3G5BFMhKdI
HE9765_3,1yTmWCm3N5Kl1f5rvnqWBWV2k27RP9cL8
1383302-100_3-Photoroom,1ya96hnReGRmUhFHQeKy2I7SKK8-JO1bx
1350196-001_2-Photoroom,1ydptBOT-YOZf1lkLj3y6SYdyJCqNCChk
3028345-004_3-Photoroom,1yelUu2SgmzBjjaXULJ73CTGuOtUVgnrI
FJ9509-002_3-Photoroom,1yin7_OxHUURCOXlomtQ54PpQiFIK9Xgm
392326-33_2-Photoroom,1yl7q1fC9Lu-Cfyhwslxd7L5KpCrBOIel
749CMA0036-21G_3-Photoroom,1yrqLNPTf_16C4ooAdR1Hi4iBCJlDHYst
1361548-001_1-Photoroom,1z8YHsV7LRJyQBpSWyqIk3SgrGlHzHwKd
HQ1657-001_1-Photoroom,1zDa_yWcvp0gG_r69FFytNHWijGuWL6be
FJ7791-500_2-Photoroom,1zKRfw24sR9OXCC_9mOc8X-5xVHmMSlNq
402665-01_2-Photoroom,1zV8H9OT1mHpzF7tlVWtkCVwKFSIYqyRq
DR35-M-02-01_1-Photoroom,1zan_k0o5LzSUuAB9BusbLvOMLcW9fChi
IB6543-101_2-Photoroom,1zdLRDq4eq9TmHlYCWloytVXREyUqPLYU
JR6673_3-Photoroom,1zg5pO8Sl8nGjOsAAJ6g9jiNJJFjzfhqP
432997-070_1-Photoroom,1zjq8dlad53Hn_xkX-z2lmPS1zaKKvSYr
HR2938_2-Photoroom,1zlV4uicJxs3cvoDmzKpNuPpjed0y0U-o
HQ2011-100_3-Photoroom,1zmfzesYmECd6zAoSAY9KB8TbJn516jj_
GW0567_2,1zpzlcpEMjUtHNSPxh2pRQXNvUl4dWSQn
DF06-M-52-17_2-Photoroom,1zsXyVACVNsVOOXaSG04w9mHUc7SG5biS
DV1237-105_2-Photoroom,1zsuLlxmExnh6FEnG-3b1i5D11xhoy0CL
1383481-100_2-Photoroom,1zw_BUCCx95FslZ7BQm9sZsuYsVIhhHvo
311732-08_2,1ZdHuBzP-0h07L-CZtN5RGllFpg_e76-y
311732-08_3,1bcw0V0LKvRe8VFuzia2u8Rk7xdop15H9
311732-08_1,1u4OZFQDqrqzvH_g19GguLyubYw2CuEs3
1326799-001_2-Photoroom,15RFqiMIjjNVp3SC4m_Y9ApdRdTD_47S2
1326799-001_4-Photoroom,1U7FS_2_Tg8-3SkAe6k1iiXk6mGJ6KpA_
1326799-001_3-Photoroom,1tXo3qjwSbBZsS4yC1KF6BofgWr-t1EFs
1326799-001_1-Photoroom,1waQiIlvlq6hArPy4hS-7bDkXnVOXVWm4

